ranker,player,nationality,position,team,age,birth_year,games,games_starts,minutes,minutes_90s,goals,assists,goals_assists,goals_pens,pens_made,pens_att,cards_yellow,cards_red,xg,npxg,xg_assist,npxg_xg_assist,progressive_carries,progressive_passes,progressive_passes_received,goals_per90,assists_per90,goals_assists_per90,goals_pens_per90,goals_assists_pens_per90,xg_per90,xg_assist_per90,xg_xg_assist_per90,npxg_per90,npxg_xg_assist_per90,matches
1,Brenden Aaronson,us USA,"FW,MF",Leeds United,25-021,2000,11,8,711,7.9,1,1,2,1,0,0,1,0,1.7,1.7,1.3,3.0,17,21,38,0.13,0.13,0.25,0.13,0.25,0.21,0.17,0.38,0.21,0.38,Matches
2,Joshua Acheampong,eng ENG,DF,Chelsea,19-191,2006,5,4,349,3.9,1,0,1,1,0,0,0,0,0.6,0.6,0.0,0.6,4,11,0,0.26,0.00,0.26,0.26,0.26,0.16,0.00,0.16,0.16,0.16,Matches
3,Tyler Adams,us USA,MF,Bournemouth,26-271,1999,11,11,952,10.6,1,1,2,1,0,0,4,0,0.4,0.4,0.1,0.5,6,40,6,0.09,0.09,0.19,0.09,0.19,0.04,0.01,0.05,0.04,0.05,Matches
4,Tosin Adarabioyo,eng ENG,DF,Chelsea,28-049,1997,7,3,381,4.2,0,0,0,0,0,0,1,0,0.0,0.0,0.0,0.0,2,15,0,0.00,0.00,0.00,0.00,0.00,0.01,0.00,0.01,0.01,0.01,Matches
5,Simon Adingra,ci CIV,"FW,MF",Sunderland,23-315,2002,7,4,300,3.3,0,0,0,0,0,0,1,0,0.1,0.1,0.6,0.7,7,2,34,0.00,0.00,0.00,0.00,0.00,0.04,0.18,0.22,0.04,0.22,Matches
6,Amine Adli,ma MAR,"FW,MF",Bournemouth,25-186,2000,8,1,217,2.4,0,0,0,0,0,0,0,0,0.1,0.1,0.2,0.3,8,6,22,0.00,0.00,0.00,0.00,0.00,0.04,0.07,0.12,0.04,0.12,Matches
7,Emmanuel Agbadou,ci CIV,DF,Wolves,28-148,1997,8,6,561,6.2,0,0,0,0,0,0,0,1,0.4,0.4,0.1,0.5,3,26,5,0.00,0.00,0.00,0.00,0.00,0.06,0.02,0.08,0.06,0.08,Matches
8,Nayef Aguerd,ma MAR,DF,West Ham,29-227,1996,2,2,180,2.0,0,0,0,0,0,0,0,0,0.1,0.1,0.0,0.1,2,9,0,0.00,0.00,0.00,0.00,0.00,0.05,0.00,0.05,0.05,0.05,Matches
9,Ola Aina,ng NGA,DF,Nott'ham Forest,29-035,1996,3,3,270,3.0,0,0,0,0,0,0,1,0,0.0,0.0,0.1,0.2,5,11,8,0.00,0.00,0.00,0.00,0.00,0.01,0.05,0.06,0.01,0.06,Matches
10,Rayan Aït-Nouri,dz ALG,DF,Manchester City,24-159,2001,4,3,203,2.3,0,0,0,0,0,0,1,0,0.0,0.0,0.2,0.2,7,7,8,0.00,0.00,0.00,0.00,0.00,0.02,0.09,0.11,0.02,0.11,Matches
11,Kristoffer Ajer,no NOR,DF,Brentford,27-209,1998,7,4,389,4.3,0,1,1,0,0,0,0,0,0.5,0.5,0.7,1.2,6,15,6,0.00,0.23,0.23,0.00,0.23,0.12,0.16,0.27,0.12,0.27,Matches
12,Nathan Aké,nl NED,DF,Manchester City,30-267,1995,5,1,205,2.3,0,0,0,0,0,0,0,0,0.3,0.3,0.1,0.4,4,20,2,0.00,0.00,0.00,0.00,0.00,0.12,0.04,0.16,0.12,0.16,Matches
13,Carlos Alcaraz,ar ARG,"FW,MF",Everton,22-347,2002,8,2,247,2.7,0,0,0,0,0,0,2,0,0.2,0.2,0.0,0.3,2,5,13,0.00,0.00,0.00,0.00,0.00,0.08,0.01,0.10,0.08,0.10,Matches
14,Omar Alderete,py PAR,DF,Sunderland,28-321,1996,8,7,668,7.4,1,1,2,1,0,0,1,0,0.6,0.6,0.1,0.7,10,31,2,0.13,0.13,0.27,0.13,0.27,0.08,0.01,0.09,0.08,0.09,Matches
15,Alisson,br BRA,GK,Liverpool,33-041,1992,6,6,540,6.0,0,0,0,0,0,0,0,0,0.0,0.0,0.0,0.0,0,4,0,0.00,0.00,0.00,0.00,0.00,0.00,0.00,0.00,0.00,0.00,Matches
16,Ethan Ampadu,wls WAL,MF,Leeds United,25-059,2000,9,9,787,8.7,0,0,0,0,0,0,3,0,0.4,0.4,0.1,0.5,12,32,9,0.00,0.00,0.00,0.00,0.00,0.05,0.01,0.06,0.05,0.06,Matches
17,Joachim Andersen,dk DEN,DF,Fulham,29-165,1996,10,10,851,9.5,0,0,0,0,0,0,0,0,0.5,0.5,0.7,1.2,7,35,4,0.00,0.00,0.00,0.00,0.00,0.05,0.07,0.12,0.05,0.12,Matches
18,Elliot Anderson,eng ENG,MF,Nott'ham Forest,23-006,2002,11,11,990,11.0,1,1,2,0,1,1,2,0,1.6,0.8,1.7,2.4,15,97,30,0.09,0.09,0.18,0.00,0.09,0.14,0.15,0.29,0.07,0.22,Matches
19,André,br BRA,MF,Wolves,24-119,2001,11,8,705,7.8,0,0,0,0,0,0,3,0,0.0,0.0,0.1,0.1,7,27,3,0.00,0.00,0.00,0.00,0.00,0.00,0.01,0.02,0.00,0.02,Matches
20,Jaidon Anthony,eng ENG,"MF,FW",Burnley,25-346,1999,11,11,886,9.8,4,1,5,4,0,0,3,0,2.2,2.2,0.5,2.7,22,14,45,0.41,0.10,0.51,0.41,0.51,0.22,0.05,0.27,0.22,0.27,Matches
21,Alphonse Areola,fr FRA,GK,West Ham,32-258,1993,7,7,630,7.0,0,0,0,0,0,0,0,0,0.0,0.0,0.0,0.0,0,0,0,0.00,0.00,0.00,0.00,0.00,0.00,0.00,0.00,0.00,0.00,Matches
22,Jhon Arias,co COL,FW,Wolves,28-052,1997,10,7,547,6.1,0,0,0,0,0,0,0,0,1.0,1.0,0.5,1.5,9,19,30,0.00,0.00,0.00,0.00,0.00,0.17,0.07,0.25,0.17,0.25,Matches
23,Harrison Armstrong,eng ENG,FW,Everton,18-297,2007,1,0,1,0.0,0,0,0,0,0,0,0,0,0.0,0.0,0.0,0.0,0,0,0,0.00,0.00,0.00,0.00,0.00,0.00,0.00,0.00,0.00,0.00,Matches
24,Tolu Arokodare,ng NGA,FW,Wolves,24-354,2000,7,2,211,2.3,0,0,0,0,0,0,0,0,0.4,0.4,0.1,0.6,3,0,10,0.00,0.00,0.00,0.00,0.00,0.18,0.06,0.24,0.18,0.24,Matches
25,Taiwo Awoniyi,ng NGA,FW,Nott'ham Forest,28-092,1997,4,1,135,1.5,0,0,0,0,0,0,0,0,0.2,0.2,0.1,0.3,1,1,6,0.00,0.00,0.00,0.00,0.00,0.13,0.10,0.22,0.13,0.22,Matches
Rk,Player,Nation,Pos,Squad,Age,Born,MP,Starts,Min,90s,Gls,Ast,G+A,G-PK,PK,PKatt,CrdY,CrdR,xG,npxG,xAG,npxG+xAG,PrgC,PrgP,PrgR,Gls,Ast,G+A,G-PK,G+A-PK,xG,xAG,xG+xAG,npxG,npxG+xAG,Matches
26,Yasin Ayari,se SWE,MF,Brighton,22-037,2003,11,9,872,9.7,1,0,1,1,0,0,0,0,1.0,1.0,0.3,1.3,8,31,13,0.10,0.00,0.10,0.10,0.10,0.10,0.03,0.13,0.10,0.13,Matches
27,Benoît Badiashile,fr FRA,DF,Chelsea,24-231,2001,2,1,66,0.7,0,0,0,0,0,0,1,0,0.0,0.0,0.0,0.0,0,4,0,0.00,0.00,0.00,0.00,0.00,0.00,0.00,0.00,0.00,0.00,Matches
28,Dilane Bakwa,fr FRA,"FW,MF",Nott'ham Forest,23-078,2002,4,2,174,1.9,0,0,0,0,0,0,0,0,0.1,0.1,0.4,0.5,6,9,22,0.00,0.00,0.00,0.00,0.00,0.07,0.20,0.27,0.07,0.27,Matches
29,Carlos Baleba,cm CMR,MF,Brighton,21-313,2004,11,10,645,7.2,0,0,0,0,0,0,4,0,0.1,0.1,0.0,0.2,7,11,7,0.00,0.00,0.00,0.00,0.00,0.02,0.01,0.02,0.02,0.02,Matches
30,Daniel Ballard,nir NIR,DF,Sunderland,26-051,1999,9,6,582,6.5,2,0,2,2,0,0,0,0,1.0,1.0,0.7,1.6,2,13,3,0.31,0.00,0.31,0.31,0.31,0.15,0.11,0.25,0.15,0.25,Matches
31,Ross Barkley,eng ENG,MF,Aston Villa,31-342,1993,5,0,85,0.9,1,0,1,1,0,0,0,0,0.4,0.4,0.5,0.9,5,7,4,1.06,0.00,1.06,1.06,1.06,0.41,0.52,0.93,0.41,0.93,Matches
32,Ashley Barnes,eng ENG,FW,Burnley,36-013,1989,1,0,8,0.1,0,0,0,0,0,0,0,0,0.0,0.0,0.0,0.0,0,0,1,0.00,0.00,0.00,0.00,0.00,0.00,0.00,0.00,0.00,0.00,Matches
33,Harvey Barnes,eng ENG,FW,Newcastle Utd,27-338,1997,11,4,470,5.2,1,0,1,1,0,0,0,0,1.2,1.2,0.9,2.1,19,20,52,0.19,0.00,0.19,0.19,0.19,0.24,0.17,0.41,0.24,0.41,Matches
34,Thierno Barry,fr FRA,FW,Everton,23-022,2002,11,4,386,4.3,0,0,0,0,0,0,1,0,1.3,1.3,0.0,1.4,3,3,25,0.00,0.00,0.00,0.00,0.00,0.31,0.00,0.32,0.31,0.32,Matches
35,Calvin Bassey,ng NGA,DF,Fulham,25-316,1999,11,10,909,10.1,0,0,0,0,0,0,3,0,0.2,0.2,0.0,0.2,14,28,3,0.00,0.00,0.00,0.00,0.00,0.02,0.00,0.02,0.02,0.02,Matches
36,Altay Bayındır,tr TUR,GK,Manchester Utd,27-212,1998,6,6,540,6.0,0,0,0,0,0,0,0,0,0.0,0.0,0.2,0.2,0,0,0,0.00,0.00,0.00,0.00,0.00,0.00,0.04,0.04,0.00,0.04,Matches
37,Jean-Ricner Bellegarde,ht HAI,"MF,FW",Wolves,27-138,1998,10,6,477,5.3,0,0,0,0,0,0,1,0,0.4,0.4,0.3,0.7,19,27,15,0.00,0.00,0.00,0.00,0.00,0.07,0.06,0.12,0.07,0.12,Matches
38,Rodrigo Bentancur,uy URU,MF,Tottenham,28-140,1997,10,8,657,7.3,1,1,2,1,0,0,1,0,0.3,0.3,0.5,0.9,3,29,13,0.14,0.14,0.27,0.14,0.27,0.05,0.07,0.12,0.05,0.12,Matches
39,Sander Berge,no NOR,MF,Fulham,27-271,1998,11,11,958,10.6,0,0,0,0,0,0,2,0,0.6,0.6,0.5,1.1,15,55,6,0.00,0.00,0.00,0.00,0.00,0.05,0.05,0.10,0.05,0.10,Matches
40,Lucas Bergvall,se SWE,"MF,FW",Tottenham,19-283,2006,9,5,413,4.6,1,1,2,1,0,0,1,0,0.6,0.6,0.3,0.8,9,20,24,0.22,0.22,0.44,0.22,0.44,0.12,0.06,0.18,0.12,0.18,Matches
41,Beto,gw GNB,FW,Everton,27-285,1998,11,7,609,6.8,1,0,1,1,0,0,1,0,4.1,4.1,0.4,4.5,3,2,30,0.15,0.00,0.15,0.15,0.15,0.61,0.06,0.66,0.61,0.66,Matches
42,Jaka Bijol,si SVN,DF,Leeds United,26-280,1999,3,3,261,2.9,0,0,0,0,0,0,0,0,0.0,0.0,0.1,0.1,1,5,0,0.00,0.00,0.00,0.00,0.00,0.00,0.03,0.03,0.00,0.03,Matches
43,Marco Bizot,nl NED,GK,Aston Villa,34-247,1991,2,2,180,2.0,0,0,0,0,0,0,1,0,0.0,0.0,0.0,0.0,0,1,0,0.00,0.00,0.00,0.00,0.00,0.00,0.00,0.00,0.00,0.00,Matches
44,Oscar Bobb,no NOR,"MF,FW",Manchester City,22-123,2003,8,5,454,5.0,0,1,1,0,0,0,0,0,0.4,0.4,0.6,1.0,16,17,52,0.00,0.20,0.20,0.00,0.20,0.07,0.13,0.20,0.07,0.20,Matches
45,Lamare Bogarde,nl NED,MF,Aston Villa,21-311,2004,7,3,291,3.2,0,0,0,0,0,0,1,0,0.0,0.0,0.0,0.0,4,9,2,0.00,0.00,0.00,0.00,0.00,0.00,0.01,0.01,0.00,0.01,Matches
46,Jayden Bogle,eng ENG,DF,Leeds United,25-108,2000,11,11,958,10.6,0,0,0,0,0,0,2,0,0.7,0.7,0.2,0.9,22,26,46,0.00,0.00,0.00,0.00,0.00,0.06,0.02,0.08,0.06,0.08,Matches
47,Sven Botman,nl NED,DF,Newcastle Utd,25-304,2000,9,8,642,7.1,0,0,0,0,0,0,0,0,0.1,0.1,0.6,0.7,1,21,3,0.00,0.00,0.00,0.00,0.00,0.02,0.08,0.10,0.02,0.10,Matches
48,Jarrod Bowen,eng ENG,"FW,MF",West Ham,28-327,1996,11,11,990,11.0,3,1,4,3,0,0,0,0,1.5,1.5,1.8,3.2,34,23,79,0.27,0.09,0.36,0.27,0.36,0.13,0.16,0.29,0.13,0.29,Matches
49,Conor Bradley,nir NIR,DF,Liverpool,22-126,2003,9,7,530,5.9,0,0,0,0,0,0,4,0,0.1,0.1,0.3,0.4,16,28,25,0.00,0.00,0.00,0.00,0.00,0.01,0.05,0.07,0.01,0.07,Matches
50,Brian Brobbey,nl NED,FW,Sunderland,23-284,2002,6,0,112,1.2,1,1,2,1,0,0,0,0,0.1,0.1,0.1,0.2,2,2,3,0.80,0.80,1.61,0.80,1.61,0.09,0.09,0.18,0.09,0.18,Matches
Rk,Player,Nation,Pos,Squad,Age,Born,MP,Starts,Min,90s,Gls,Ast,G+A,G-PK,PK,PKatt,CrdY,CrdR,xG,npxG,xAG,npxG+xAG,PrgC,PrgP,PrgR,Gls,Ast,G+A,G-PK,G+A-PK,xG,xAG,xG+xAG,npxG,npxG+xAG,Matches
51,Armando Broja,al ALB,FW,Burnley,24-063,2001,5,0,80,0.9,0,0,0,0,0,0,0,0,0.0,0.0,0.0,0.0,1,0,4,0.00,0.00,0.00,0.00,0.00,0.00,0.00,0.00,0.00,0.00,Matches
52,David Brooks,wls WAL,"FW,MF",Bournemouth,28-127,1997,10,7,551,6.1,0,1,1,0,0,0,3,0,1.0,1.0,1.5,2.6,17,18,58,0.00,0.16,0.16,0.00,0.16,0.17,0.25,0.42,0.17,0.42,Matches
53,Jacob Bruun Larsen,dk DEN,"FW,MF",Burnley,27-054,1998,9,4,416,4.6,0,1,1,0,0,0,0,0,0.2,0.2,0.7,0.9,7,8,33,0.00,0.22,0.22,0.00,0.22,0.05,0.14,0.19,0.05,0.19,Matches
54,Emi Buendía,ar ARG,"MF,FW",Aston Villa,28-322,1996,9,4,427,4.7,3,2,5,3,0,0,2,0,1.0,1.0,1.0,1.9,12,28,16,0.63,0.42,1.05,0.63,1.05,0.20,0.20,0.40,0.20,0.40,Matches
55,Hugo Bueno,es ESP,"DF,MF",Wolves,23-055,2002,11,8,794,8.8,0,0,0,0,0,0,1,0,0.2,0.2,1.0,1.2,29,22,53,0.00,0.00,0.00,0.00,0.00,0.02,0.12,0.14,0.02,0.14,Matches
56,Santiago Bueno,uy URU,DF,Wolves,27-003,1998,8,7,665,7.4,1,0,1,1,0,0,2,0,0.8,0.8,0.1,0.9,4,22,1,0.14,0.00,0.14,0.14,0.14,0.11,0.01,0.12,0.11,0.12,Matches
57,Facundo Buonanotte,ar ARG,MF,Chelsea,20-324,2004,1,1,45,0.5,0,0,0,0,0,0,0,0,0.0,0.0,0.3,0.3,0,0,5,0.00,0.00,0.00,0.00,0.00,0.00,0.51,0.51,0.00,0.51,Matches
58,Dan Burn,eng ENG,DF,Newcastle Utd,33-187,1992,11,11,972,10.8,0,1,1,0,0,0,5,1,0.1,0.1,0.1,0.2,4,32,21,0.00,0.09,0.09,0.00,0.09,0.00,0.01,0.02,0.00,0.02,Matches
59,Bradley Burrowes,eng ENG,DF,Aston Villa,17-253,2008,1,0,17,0.2,0,0,0,0,0,0,0,0,0.0,0.0,0.0,0.0,1,0,4,0.00,0.00,0.00,0.00,0.00,0.00,0.00,0.00,0.00,0.00,Matches
60,Sam Byram,eng ENG,DF,Leeds United,32-057,1993,1,0,8,0.1,0,0,0,0,0,0,0,0,0.0,0.0,0.0,0.0,0,0,0,0.00,0.00,0.00,0.00,0.00,0.00,0.00,0.00,0.00,0.00,Matches
61,Moisés Caicedo,ec ECU,MF,Chelsea,24-010,2001,11,10,945,10.5,3,1,4,3,0,0,2,0,0.6,0.6,1.0,1.5,9,60,6,0.29,0.10,0.38,0.29,0.38,0.05,0.09,0.14,0.05,0.14,Matches
62,Tom Cairney,sct SCO,MF,Fulham,34-296,1991,7,1,203,2.3,0,0,0,0,0,0,1,0,0.4,0.4,0.0,0.4,2,14,3,0.00,0.00,0.00,0.00,0.00,0.18,0.02,0.20,0.18,0.20,Matches
63,Riccardo Calafiori,it ITA,DF,Arsenal,23-177,2002,11,11,856,9.5,1,2,3,1,0,0,3,0,2.2,2.2,0.5,2.7,19,33,40,0.11,0.21,0.32,0.11,0.32,0.23,0.05,0.28,0.23,0.28,Matches
64,Dominic Calvert-Lewin,eng ENG,FW,Leeds United,28-241,1997,9,7,614,6.8,1,0,1,1,0,0,0,0,2.1,2.1,0.9,3.0,6,7,30,0.15,0.00,0.15,0.15,0.15,0.31,0.13,0.44,0.31,0.44,Matches
65,Jaydee Canvot,fr FRA,DF,Crystal Palace,19-106,2006,2,1,91,1.0,0,0,0,0,0,0,0,0,0.0,0.0,0.0,0.0,2,3,0,0.00,0.00,0.00,0.00,0.00,0.04,0.00,0.04,0.04,0.04,Matches
66,Fabio Carvalho,pt POR,"FW,MF",Brentford,23-074,2002,6,1,102,1.1,1,0,1,1,0,0,0,0,0.7,0.7,0.0,0.7,2,2,6,0.88,0.00,0.88,0.88,0.88,0.62,0.00,0.62,0.62,0.62,Matches
67,Casemiro,br BRA,MF,Manchester Utd,33-262,1992,10,9,614,6.8,3,1,4,3,0,0,5,1,1.3,1.3,0.7,2.0,1,30,10,0.44,0.15,0.59,0.44,0.59,0.20,0.10,0.29,0.20,0.29,Matches
68,Matty Cash,pl POL,DF,Aston Villa,28-097,1997,11,11,966,10.7,2,0,2,2,0,0,3,0,0.2,0.2,0.7,0.9,15,39,46,0.19,0.00,0.19,0.19,0.19,0.02,0.06,0.08,0.02,0.08,Matches
69,Timothy Castagne,be BEL,"DF,FW",Fulham,29-342,1995,7,5,398,4.4,0,0,0,0,0,0,0,0,0.4,0.4,0.2,0.6,5,9,20,0.00,0.00,0.00,0.00,0.00,0.10,0.04,0.13,0.10,0.13,Matches
70,Trevoh Chalobah,eng ENG,DF,Chelsea,26-130,1999,10,10,840,9.3,2,0,2,2,0,0,2,1,0.7,0.7,0.1,0.8,10,33,0,0.21,0.00,0.21,0.21,0.21,0.08,0.01,0.09,0.08,0.09,Matches
71,Rayan Cherki,fr FRA,"MF,FW",Manchester City,22-087,2003,6,3,216,2.4,1,2,3,1,0,0,0,0,0.8,0.8,1.6,2.3,8,13,11,0.42,0.83,1.25,0.42,1.25,0.31,0.66,0.98,0.31,0.98,Matches
72,Federico Chiesa,it ITA,"FW,MF",Liverpool,28-018,1997,8,0,125,1.4,2,1,3,2,0,0,1,0,0.9,0.9,0.9,1.8,3,6,11,1.44,0.72,2.16,1.44,2.16,0.62,0.67,1.29,0.62,1.29,Matches
73,Ryan Christie,sct SCO,MF,Bournemouth,30-263,1995,9,1,234,2.6,1,0,1,1,0,0,1,0,0.8,0.8,0.0,0.9,4,16,6,0.38,0.00,0.38,0.38,0.38,0.33,0.01,0.33,0.33,0.33,Matches
74,Samuel Chukwueze,ng NGA,"FW,MF",Fulham,26-174,1999,4,0,81,0.9,0,1,1,0,0,0,0,0,0.6,0.6,0.5,1.0,4,3,10,0.00,1.11,1.11,0.00,1.11,0.65,0.50,1.15,0.65,1.15,Matches
75,Nathaniel Clyne,eng ENG,DF,Crystal Palace,34-221,1991,1,0,5,0.1,0,0,0,0,0,0,0,0,0.0,0.0,0.0,0.0,0,0,0,0.00,0.00,0.00,0.00,0.00,0.00,0.00,0.00,0.00,0.00,Matches
Rk,Player,Nation,Pos,Squad,Age,Born,MP,Starts,Min,90s,Gls,Ast,G+A,G-PK,PK,PKatt,CrdY,CrdR,xG,npxG,xAG,npxG+xAG,PrgC,PrgP,PrgR,Gls,Ast,G+A,G-PK,G+A-PK,xG,xAG,xG+xAG,npxG,npxG+xAG,Matches
76,Séamus Coleman,ie IRL,FW,Everton,37-032,1988,2,0,2,0.0,0,0,0,0,0,0,0,0,0.0,0.0,0.0,0.0,0,0,0,0.00,0.00,0.00,0.00,0.00,0.00,0.00,0.00,0.00,0.00,Matches
77,Nathan Collins,ie IRL,DF,Brentford,24-196,2001,11,11,990,11.0,0,0,0,0,0,0,4,0,0.4,0.4,0.9,1.3,2,24,1,0.00,0.00,0.00,0.00,0.00,0.03,0.08,0.11,0.03,0.11,Matches
78,Lewis Cook,eng ENG,"DF,MF",Bournemouth,28-282,1997,5,0,80,0.9,0,0,0,0,0,0,0,0,0.0,0.0,0.1,0.1,0,8,1,0.00,0.00,0.00,0.00,0.00,0.02,0.06,0.08,0.02,0.08,Matches
79,Diego Coppola,it ITA,DF,Brighton,21-319,2003,3,0,18,0.2,0,0,0,0,0,0,0,0,0.0,0.0,0.0,0.0,0,2,0,0.00,0.00,0.00,0.00,0.00,0.00,0.00,0.00,0.00,0.00,Matches
80,Marc Cucurella,es ESP,DF,Chelsea,27-113,1998,11,10,896,10.0,0,2,2,0,0,0,2,0,0.4,0.4,1.5,2.0,19,47,31,0.00,0.20,0.20,0.00,0.20,0.04,0.16,0.20,0.04,0.20,Matches
81,Jorge Cuenca,es ESP,DF,Fulham,25-360,1999,3,2,169,1.9,0,0,0,0,0,0,0,0,0.0,0.0,0.0,0.0,0,2,0,0.00,0.00,0.00,0.00,0.00,0.00,0.00,0.00,0.00,0.00,Matches
82,Josh Cullen,ie IRL,MF,Burnley,29-219,1996,11,11,942,10.5,2,1,3,2,0,0,1,0,0.6,0.6,0.8,1.5,4,51,8,0.19,0.10,0.29,0.19,0.29,0.06,0.08,0.14,0.06,0.14,Matches
83,Jair Cunha,br BRA,DF,Nott'ham Forest,20-250,2005,1,1,90,1.0,0,0,0,0,0,0,0,0,0.0,0.0,0.0,0.0,0,1,0,0.00,0.00,0.00,0.00,0.00,0.00,0.00,0.00,0.00,0.00,Matches
84,Matheus Cunha,br BRA,"MF,FW",Manchester Utd,26-169,1999,10,8,683,7.6,1,0,1,1,0,0,0,0,1.6,1.6,0.6,2.3,20,27,32,0.13,0.00,0.13,0.13,0.13,0.22,0.08,0.30,0.22,0.30,Matches
85,Diogo Dalot,pt POR,DF,Manchester Utd,26-239,1999,9,7,594,6.6,0,1,1,0,0,0,0,0,0.1,0.1,1.0,1.1,16,17,42,0.00,0.15,0.15,0.00,0.15,0.01,0.16,0.17,0.01,0.17,Matches
86,Mikkel Damsgaard,dk DEN,MF,Brentford,25-132,2000,9,9,716,8.0,1,1,2,1,0,0,0,0,0.5,0.5,1.7,2.2,16,37,33,0.13,0.13,0.25,0.13,0.25,0.07,0.21,0.28,0.07,0.28,Matches
87,Kevin Danso,at AUT,DF,Tottenham,27-054,1998,7,3,260,2.9,0,0,0,0,0,0,3,0,0.0,0.0,0.0,0.0,1,11,0,0.00,0.00,0.00,0.00,0.00,0.00,0.00,0.00,0.00,0.00,Matches
88,Karl Darlow,wls WAL,GK,Leeds United,35-035,1990,5,5,450,5.0,0,0,0,0,0,0,0,0,0.0,0.0,0.0,0.0,0,1,0,0.00,0.00,0.00,0.00,0.00,0.00,0.00,0.00,0.00,0.00,Matches
89,Maxim De Cuyper,be BEL,DF,Brighton,24-325,2000,9,5,415,4.6,1,0,1,1,0,0,1,0,0.7,0.7,0.4,1.1,4,19,14,0.22,0.00,0.22,0.22,0.22,0.16,0.08,0.24,0.16,0.24,Matches
90,Liam Delap,eng ENG,FW,Chelsea,22-277,2003,4,3,155,1.7,0,0,0,0,0,0,0,0,0.3,0.3,0.0,0.3,2,3,9,0.00,0.00,0.00,0.00,0.00,0.19,0.00,0.19,0.19,0.19,Matches
91,Sepp van den Berg,nl NED,DF,Brentford,23-327,2001,11,11,990,11.0,0,0,0,0,0,0,0,0,1.5,1.5,0.1,1.6,4,20,7,0.00,0.00,0.00,0.00,0.00,0.13,0.01,0.14,0.13,0.14,Matches
92,Justin Devenny,nir NIR,"MF,FW",Crystal Palace,22-032,2003,8,1,162,1.8,0,0,0,0,0,0,0,0,0.4,0.4,0.1,0.5,5,5,9,0.00,0.00,0.00,0.00,0.00,0.24,0.07,0.30,0.24,0.30,Matches
93,Kiernan Dewsbury-Hall,eng ENG,MF,Everton,27-067,1998,10,10,885,9.8,1,2,3,1,0,0,5,0,0.8,0.8,2.6,3.4,14,52,37,0.10,0.20,0.31,0.10,0.31,0.08,0.27,0.35,0.08,0.35,Matches
94,Bafodé Diakité,fr FRA,DF,Bournemouth,24-310,2001,8,8,720,8.0,0,0,0,0,0,0,1,0,0.0,0.0,0.1,0.1,1,21,2,0.00,0.00,0.00,0.00,0.00,0.00,0.02,0.02,0.00,0.02,Matches
95,Amad Diallo,ci CIV,"DF,MF",Manchester Utd,23-124,2002,10,9,754,8.4,1,2,3,1,0,0,1,0,2.1,2.1,1.7,3.8,41,35,63,0.12,0.24,0.36,0.12,0.36,0.25,0.20,0.45,0.25,0.45,Matches
96,Habib Diarra,sn SEN,MF,Sunderland,21-313,2004,4,4,345,3.8,0,0,0,0,0,0,1,0,0.6,0.6,0.0,0.6,10,13,17,0.00,0.00,0.00,0.00,0.00,0.15,0.01,0.16,0.15,0.16,Matches
97,Rúben Dias,pt POR,DF,Manchester City,28-182,1997,11,10,906,10.1,0,0,0,0,0,0,0,0,0.1,0.1,0.0,0.2,9,31,0,0.00,0.00,0.00,0.00,0.00,0.01,0.00,0.02,0.01,0.02,Matches
98,Tyler Dibling,eng ENG,FW,Everton,19-245,2006,4,1,65,0.7,0,0,0,0,0,0,1,0,0.0,0.0,0.0,0.0,2,0,5,0.00,0.00,0.00,0.00,0.00,0.00,0.00,0.00,0.00,0.00,Matches
99,Lucas Digne,fr FRA,DF,Aston Villa,32-115,1993,11,10,818,9.1,0,3,3,0,0,0,2,0,0.3,0.3,0.9,1.2,10,20,62,0.00,0.33,0.33,0.00,0.33,0.04,0.10,0.13,0.04,0.13,Matches
100,Issa Diop,fr FRA,DF,Fulham,28-307,1997,3,2,224,2.5,0,0,0,0,0,0,1,0,0.0,0.0,0.0,0.0,1,7,0,0.00,0.00,0.00,0.00,0.00,0.00,0.00,0.00,0.00,0.00,Matches
Rk,Player,Nation,Pos,Squad,Age,Born,MP,Starts,Min,90s,Gls,Ast,G+A,G-PK,PK,PKatt,CrdY,CrdR,xG,npxG,xAG,npxG+xAG,PrgC,PrgP,PrgR,Gls,Ast,G+A,G-PK,G+A-PK,xG,xAG,xG+xAG,npxG,npxG+xAG,Matches
101,El Hadji Malick Diouf,sn SEN,DF,West Ham,20-319,2004,11,10,945,10.5,0,3,3,0,0,0,1,0,0.2,0.2,0.7,1.0,14,32,45,0.00,0.29,0.29,0.00,0.29,0.02,0.07,0.09,0.02,0.09,Matches
102,Matt Doherty,ie IRL,DF,Wolves,33-300,1992,4,4,291,3.2,0,0,0,0,0,0,3,0,0.1,0.1,0.1,0.1,1,9,3,0.00,0.00,0.00,0.00,0.00,0.02,0.02,0.04,0.02,0.04,Matches
103,Jeremy Doku,be BEL,"MF,FW",Manchester City,23-169,2002,11,7,621,6.9,1,3,4,1,0,0,0,0,1.0,1.0,3.7,4.7,74,34,76,0.14,0.43,0.58,0.14,0.58,0.15,0.54,0.69,0.15,0.69,Matches
104,Nicolás Domínguez,ar ARG,"FW,MF",Nott'ham Forest,27-137,1998,3,2,111,1.2,0,0,0,0,0,0,1,0,0.0,0.0,0.1,0.1,1,10,7,0.00,0.00,0.00,0.00,0.00,0.00,0.11,0.11,0.00,0.11,Matches
105,Gianluigi Donnarumma,it ITA,GK,Manchester City,26-260,1999,8,8,720,8.0,0,0,0,0,0,0,2,0,0.0,0.0,0.0,0.0,0,0,0,0.00,0.00,0.00,0.00,0.00,0.00,0.00,0.00,0.00,0.00,Matches
106,Patrick Dorgu,dk DEN,DF,Manchester Utd,21-017,2004,10,6,626,7.0,0,1,1,0,0,0,4,0,0.5,0.5,1.1,1.6,18,8,50,0.00,0.14,0.14,0.00,0.14,0.08,0.16,0.24,0.08,0.24,Matches
107,Max Dowman,eng ENG,FW,Arsenal,15-316,2009,2,0,29,0.3,0,0,0,0,0,0,0,0,0.1,0.1,0.0,0.1,4,0,6,0.00,0.00,0.00,0.00,0.00,0.43,0.00,0.43,0.43,0.43,Matches
108,Martin Dúbravka,sk SVK,GK,Burnley,36-301,1989,11,11,990,11.0,0,0,0,0,0,0,0,0,0.0,0.0,0.0,0.0,0,0,0,0.00,0.00,0.00,0.00,0.00,0.00,0.00,0.00,0.00,0.00,Matches
109,Lewis Dunk,eng ENG,DF,Brighton,33-356,1991,11,11,990,11.0,0,0,0,0,0,0,3,0,0.6,0.6,0.0,0.6,5,35,1,0.00,0.00,0.00,0.00,0.00,0.05,0.00,0.05,0.05,0.05,Matches
110,Odsonne Édouard,fr FRA,FW,Crystal Palace,27-300,1998,1,0,3,0.0,0,0,0,0,0,0,0,0,0.0,0.0,0.0,0.0,0,0,0,0.00,0.00,0.00,0.00,0.00,0.00,0.00,0.00,0.00,0.00,Matches
111,Marcus Edwards,eng ENG,"FW,MF",Burnley,26-344,1998,3,0,24,0.3,0,0,0,0,0,0,0,0,0.1,0.1,0.0,0.1,2,1,3,0.00,0.00,0.00,0.00,0.00,0.39,0.00,0.39,0.39,0.39,Matches
112,Hjalmar Ekdal,se SWE,DF,Burnley,27-022,1998,7,6,533,5.9,0,0,0,0,0,0,0,0,0.2,0.2,0.1,0.3,1,6,0,0.00,0.00,0.00,0.00,0.00,0.03,0.02,0.06,0.03,0.06,Matches
113,Hugo Ekitike,fr FRA,FW,Liverpool,23-145,2002,10,8,632,7.0,3,1,4,3,0,0,0,0,2.3,2.3,0.5,2.8,10,10,32,0.43,0.14,0.57,0.43,0.57,0.33,0.07,0.40,0.33,0.40,Matches
114,Anthony Elanga,se SWE,"FW,MF",Newcastle Utd,23-199,2002,11,4,417,4.6,0,0,0,0,0,0,0,0,0.8,0.8,0.6,1.4,18,8,65,0.00,0.00,0.00,0.00,0.00,0.17,0.13,0.30,0.17,0.30,Matches
115,Harvey Elliott,eng ENG,"MF,FW",Liverpool,22-222,2003,1,0,1,0.0,0,0,0,0,0,0,0,0,0.0,0.0,0.0,0.0,0,0,1,0.00,0.00,0.00,0.00,0.00,0.00,0.00,0.00,0.00,0.00,Matches
116,Harvey Elliott,eng ENG,"MF,FW",Aston Villa,22-222,2003,3,1,98,1.1,0,0,0,0,0,0,0,0,0.2,0.2,0.0,0.2,3,5,11,0.00,0.00,0.00,0.00,0.00,0.17,0.00,0.17,0.17,0.17,Matches
117,Wataru Endo,jp JPN,"MF,DF",Liverpool,32-276,1993,4,0,39,0.4,0,1,1,0,0,0,1,0,0.0,0.0,0.1,0.1,2,1,0,0.00,2.31,2.31,0.00,2.31,0.00,0.25,0.25,0.00,0.25,Matches
118,Romain Esse,eng ENG,FW,Crystal Palace,20-183,2005,1,0,25,0.3,0,0,0,0,0,0,0,0,0.0,0.0,0.0,0.0,0,2,3,0.00,0.00,0.00,0.00,0.00,0.00,0.00,0.00,0.00,0.00,Matches
119,Maxime Estève,fr FRA,DF,Burnley,23-170,2002,11,11,981,10.9,0,0,0,0,0,0,0,0,0.2,0.2,0.4,0.6,3,22,1,0.00,0.00,0.00,0.00,0.00,0.02,0.03,0.05,0.02,0.05,Matches
120,Evanilson,br BRA,FW,Bournemouth,26-037,1999,9,8,721,8.0,1,0,1,1,0,0,1,0,1.5,1.5,0.8,2.3,5,7,22,0.12,0.00,0.12,0.12,0.12,0.19,0.10,0.29,0.19,0.29,Matches
121,Eberechi Eze,eng ENG,"MF,FW",Arsenal,27-136,1998,9,7,618,6.9,1,2,3,1,0,0,0,0,1.6,1.6,0.8,2.4,15,33,34,0.15,0.29,0.44,0.15,0.44,0.23,0.12,0.35,0.23,0.35,Matches
122,Eberechi Eze,eng ENG,MF,Crystal Palace,27-136,1998,1,1,83,0.9,0,0,0,0,0,0,0,0,0.2,0.2,0.0,0.2,0,1,2,0.00,0.00,0.00,0.00,0.00,0.26,0.00,0.26,0.26,0.26,Matches
123,Bruno Fernandes,pt POR,MF,Manchester Utd,31-065,1994,11,11,980,10.9,2,3,5,1,1,3,2,0,4.7,2.3,2.3,4.6,18,84,30,0.18,0.28,0.46,0.09,0.37,0.43,0.21,0.64,0.21,0.43,Matches
124,Mateus Fernandes,pt POR,"MF,FW",West Ham,21-125,2004,9,8,643,7.1,1,1,2,1,0,0,1,0,0.5,0.5,0.9,1.4,9,27,14,0.14,0.14,0.28,0.14,0.28,0.07,0.12,0.19,0.07,0.19,Matches
125,Enzo Fernández,ar ARG,MF,Chelsea,24-299,2001,10,10,880,9.8,3,1,4,2,1,1,2,0,4.6,3.8,2.5,6.3,14,80,42,0.31,0.10,0.41,0.20,0.31,0.47,0.26,0.73,0.39,0.65,Matches
Rk,Player,Nation,Pos,Squad,Age,Born,MP,Starts,Min,90s,Gls,Ast,G+A,G-PK,PK,PKatt,CrdY,CrdR,xG,npxG,xAG,npxG+xAG,PrgC,PrgP,PrgR,Gls,Ast,G+A,G-PK,G+A-PK,xG,xAG,xG+xAG,npxG,npxG+xAG,Matches
126,Zian Flemming,nl NED,"FW,MF",Burnley,27-103,1998,8,4,347,3.9,3,0,3,3,0,0,2,0,1.1,1.1,0.2,1.3,1,1,17,0.78,0.00,0.78,0.78,0.78,0.29,0.05,0.33,0.29,0.33,Matches
127,Phil Foden,eng ENG,MF,Manchester City,25-168,2000,9,8,712,7.9,1,1,2,1,0,0,3,0,1.2,1.2,1.3,2.5,13,36,37,0.13,0.13,0.25,0.13,0.25,0.15,0.16,0.31,0.15,0.31,Matches
128,Wesley Fofana,fr FRA,DF,Chelsea,24-330,2000,5,4,308,3.4,0,0,0,0,0,0,0,0,0.1,0.1,0.0,0.1,3,10,1,0.00,0.00,0.00,0.00,0.00,0.04,0.00,0.04,0.04,0.04,Matches
129,Lyle Foster,za RSA,FW,Burnley,25-070,2000,8,7,579,6.4,2,1,3,2,0,0,2,0,1.3,1.3,0.7,2.0,7,6,32,0.31,0.16,0.47,0.31,0.47,0.21,0.10,0.31,0.21,0.31,Matches
130,Jeremie Frimpong,nl NED,"DF,MF",Liverpool,24-337,2000,4,1,86,1.0,0,0,0,0,0,0,0,0,0.1,0.1,0.3,0.4,4,3,10,0.00,0.00,0.00,0.00,0.00,0.08,0.31,0.39,0.08,0.39,Matches
131,Niclas Füllkrug,de GER,FW,West Ham,32-276,1993,6,5,379,4.2,0,0,0,0,0,0,0,0,0.8,0.8,0.6,1.3,1,5,15,0.00,0.00,0.00,0.00,0.00,0.19,0.13,0.32,0.19,0.32,Matches
132,Cody Gakpo,nl NED,FW,Liverpool,26-189,1999,11,9,829,9.2,3,2,5,3,0,0,0,0,3.2,3.2,2.9,6.1,40,31,96,0.33,0.22,0.54,0.33,0.54,0.35,0.32,0.66,0.35,0.66,Matches
133,Idrissa Gana Gueye,sn SEN,MF,Everton,36-047,1989,11,11,949,10.5,2,0,2,2,0,0,0,0,1.1,1.1,0.3,1.4,4,52,15,0.19,0.00,0.19,0.19,0.19,0.10,0.03,0.13,0.10,0.13,Matches
134,Ben Gannon-Doak,sct SCO,FW,Bournemouth,20-001,2005,4,0,57,0.6,0,1,1,0,0,0,0,0,0.1,0.1,0.6,0.7,4,1,10,0.00,1.58,1.58,0.00,1.58,0.14,0.91,1.04,0.14,1.04,Matches
135,Alejandro Garnacho,ar ARG,FW,Chelsea,21-134,2004,6,5,343,3.8,1,2,3,1,0,0,0,0,0.9,0.9,2.2,3.1,32,5,59,0.26,0.52,0.79,0.26,0.79,0.22,0.58,0.80,0.22,0.80,Matches
136,James Garner,eng ENG,"MF,DF",Everton,24-244,2001,11,11,990,11.0,1,1,2,1,0,0,4,0,1.0,1.0,1.1,2.1,12,58,16,0.09,0.09,0.18,0.09,0.18,0.09,0.10,0.19,0.09,0.19,Matches
137,Lutsharel Geertruida,nl NED,DF,Sunderland,25-117,2000,8,3,343,3.8,0,0,0,0,0,0,0,0,0.7,0.7,0.1,0.8,4,7,0,0.00,0.00,0.00,0.00,0.00,0.18,0.02,0.20,0.18,0.20,Matches
138,Tyrique George,eng ENG,FW,Chelsea,19-281,2006,4,0,145,1.6,0,0,0,0,0,0,2,0,0.3,0.3,0.0,0.3,1,4,10,0.00,0.00,0.00,0.00,0.00,0.20,0.00,0.20,0.20,0.20,Matches
139,Morgan Gibbs-White,eng ENG,"MF,FW",Nott'ham Forest,25-289,2000,11,10,906,10.1,2,1,3,2,0,0,0,0,2.6,2.6,0.7,3.3,24,65,82,0.20,0.10,0.30,0.20,0.30,0.26,0.07,0.32,0.26,0.32,Matches
140,Jamie Gittens,eng ENG,FW,Chelsea,21-096,2004,9,2,254,2.8,0,0,0,0,0,0,0,0,0.6,0.6,0.2,0.9,14,7,26,0.00,0.00,0.00,0.00,0.00,0.23,0.08,0.30,0.23,0.30,Matches
141,Wilfried Gnonto,it ITA,FW,Leeds United,22-007,2003,4,3,192,2.1,0,0,0,0,0,0,1,0,0.2,0.2,0.1,0.3,4,4,14,0.00,0.00,0.00,0.00,0.00,0.08,0.04,0.12,0.08,0.12,Matches
142,João Gomes,br BRA,MF,Wolves,24-273,2001,11,9,835,9.3,0,0,0,0,0,0,3,0,0.4,0.4,0.2,0.6,11,58,17,0.00,0.00,0.00,0.00,0.00,0.04,0.02,0.06,0.04,0.06,Matches
143,Rodrigo Gomes,pt POR,"FW,DF",Wolves,22-128,2003,6,4,331,3.7,1,0,1,1,0,0,0,0,1.0,1.0,0.1,1.1,13,7,37,0.27,0.00,0.27,0.27,0.27,0.26,0.04,0.30,0.26,0.30,Matches
144,Toti Gomes,pt POR,DF,Wolves,26-300,1999,8,7,525,5.8,0,0,0,0,0,0,2,1,0.0,0.0,0.1,0.2,5,14,1,0.00,0.00,0.00,0.00,0.00,0.01,0.02,0.03,0.01,0.03,Matches
145,Diego Gómez,py PAR,"MF,FW",Brighton,22-230,2003,10,6,541,6.0,2,0,2,2,0,0,2,0,1.8,1.8,0.9,2.7,6,15,22,0.33,0.00,0.33,0.33,0.33,0.30,0.15,0.45,0.30,0.45,Matches
146,Joe Gomez,eng ENG,DF,Liverpool,28-173,1997,4,0,47,0.5,0,0,0,0,0,0,0,0,0.1,0.1,0.0,0.1,0,2,1,0.00,0.00,0.00,0.00,0.00,0.25,0.00,0.25,0.25,0.25,Matches
147,Nicolás González,es ESP,MF,Manchester City,23-313,2002,10,6,648,7.2,1,0,1,1,0,0,3,0,0.3,0.3,0.4,0.7,9,38,9,0.14,0.00,0.14,0.14,0.14,0.04,0.05,0.09,0.04,0.09,Matches
148,Anthony Gordon,eng ENG,FW,Newcastle Utd,24-261,2001,7,7,458,5.1,0,0,0,0,0,0,0,1,1.4,1.4,1.0,2.4,21,16,38,0.00,0.00,0.00,0.00,0.00,0.27,0.19,0.46,0.27,0.46,Matches
149,Ryan Gravenberch,nl NED,MF,Liverpool,23-180,2002,9,9,781,8.7,3,1,4,3,0,0,2,0,0.6,0.6,0.7,1.3,22,44,22,0.35,0.12,0.46,0.35,0.46,0.07,0.08,0.15,0.07,0.15,Matches
150,Archie Gray,eng ENG,MF,Tottenham,19-245,2006,2,1,72,0.8,0,0,0,0,0,0,0,0,0.0,0.0,0.0,0.0,2,7,0,0.00,0.00,0.00,0.00,0.00,0.00,0.03,0.03,0.00,0.03,Matches
Rk,Player,Nation,Pos,Squad,Age,Born,MP,Starts,Min,90s,Gls,Ast,G+A,G-PK,PK,PKatt,CrdY,CrdR,xG,npxG,xAG,npxG+xAG,PrgC,PrgP,PrgR,Gls,Ast,G+A,G-PK,G+A-PK,xG,xAG,xG+xAG,npxG,npxG+xAG,Matches
151,Jack Grealish,eng ENG,FW,Everton,30-063,1995,10,9,826,9.2,1,4,5,1,0,0,3,0,1.2,1.2,3.2,4.3,60,39,85,0.11,0.44,0.54,0.11,0.54,0.13,0.35,0.47,0.13,0.47,Matches
152,Brajan Gruda,de GER,"MF,FW",Brighton,21-165,2004,7,2,223,2.5,1,1,2,1,0,0,0,0,1.4,1.4,0.5,1.9,8,6,26,0.40,0.40,0.81,0.40,0.81,0.57,0.18,0.75,0.57,0.75,Matches
153,Ilia Gruev,bg BUL,MF,Leeds United,25-190,2000,5,2,213,2.4,0,0,0,0,0,0,1,0,0.0,0.0,0.0,0.0,0,7,0,0.00,0.00,0.00,0.00,0.00,0.00,0.00,0.00,0.00,0.00,Matches
154,Gabriel Gudmundsson,se SWE,DF,Leeds United,26-197,1999,11,11,911,10.1,0,0,0,0,0,0,1,0,0.2,0.2,1.4,1.5,29,31,38,0.00,0.00,0.00,0.00,0.00,0.02,0.13,0.15,0.02,0.15,Matches
155,Marc Guéhi,eng ENG,DF,Crystal Palace,25-122,2000,10,10,900,10.0,1,1,2,1,0,0,0,0,0.9,0.9,1.1,2.0,9,46,4,0.10,0.10,0.20,0.10,0.20,0.09,0.11,0.20,0.09,0.20,Matches
156,Evann Guessand,ci CIV,FW,Aston Villa,24-134,2001,10,5,423,4.7,0,0,0,0,0,0,0,0,0.4,0.4,0.1,0.5,12,8,26,0.00,0.00,0.00,0.00,0.00,0.08,0.02,0.10,0.08,0.10,Matches
157,Luis Guilherme,br BRA,"FW,MF",West Ham,19-276,2006,3,0,57,0.6,0,0,0,0,0,0,0,0,0.1,0.1,0.0,0.1,0,0,3,0.00,0.00,0.00,0.00,0.00,0.11,0.00,0.11,0.11,0.11,Matches
158,Bruno Guimarães,br BRA,MF,Newcastle Utd,27-361,1997,10,10,894,9.9,3,1,4,3,0,0,3,0,1.6,1.6,0.6,2.2,11,75,25,0.30,0.10,0.40,0.30,0.40,0.16,0.06,0.22,0.16,0.22,Matches
159,Marc Guiu,es ESP,FW,Sunderland,19-312,2006,2,0,15,0.2,0,0,0,0,0,0,0,0,0.0,0.0,0.0,0.0,0,1,1,0.00,0.00,0.00,0.00,0.00,0.14,0.00,0.14,0.14,0.14,Matches
160,Marc Guiu,es ESP,FW,Chelsea,19-312,2006,4,1,150,1.7,0,0,0,0,0,0,0,0,1.2,1.2,0.0,1.2,1,1,6,0.00,0.00,0.00,0.00,0.00,0.70,0.00,0.70,0.70,0.70,Matches
161,Malo Gusto,fr FRA,"DF,MF",Chelsea,22-177,2003,9,6,552,6.1,1,1,2,1,0,0,2,1,0.7,0.7,0.5,1.2,11,30,33,0.16,0.16,0.33,0.16,0.33,0.11,0.08,0.20,0.11,0.20,Matches
162,Joško Gvardiol,hr CRO,DF,Manchester City,23-293,2002,7,7,609,6.8,0,1,1,0,0,0,0,0,0.2,0.2,0.3,0.5,7,38,0,0.00,0.15,0.15,0.00,0.15,0.02,0.05,0.07,0.02,0.07,Matches
163,Viktor Gyökeres,se SWE,FW,Arsenal,27-161,1998,10,10,800,8.9,4,0,4,3,1,1,1,0,4.6,3.8,1.0,4.8,8,11,51,0.45,0.00,0.45,0.34,0.34,0.51,0.12,0.63,0.42,0.54,Matches
164,Erling Haaland,no NOR,FW,Manchester City,25-114,2000,11,11,944,10.5,14,1,15,14,0,1,0,0,11.1,10.3,1.2,11.5,23,8,35,1.33,0.10,1.43,1.33,1.43,1.05,0.11,1.17,0.98,1.09,Matches
165,Lewis Hall,eng ENG,DF,Newcastle Utd,21-065,2004,4,1,149,1.7,0,0,0,0,0,0,0,0,0.0,0.0,0.0,0.0,0,11,8,0.00,0.00,0.00,0.00,0.00,0.02,0.00,0.02,0.02,0.02,Matches
166,Jack Harrison,eng ENG,"FW,DF",Leeds United,28-357,1996,10,1,268,3.0,0,0,0,0,0,0,0,0,0.3,0.3,0.4,0.7,8,10,17,0.00,0.00,0.00,0.00,0.00,0.09,0.13,0.23,0.09,0.23,Matches
167,Quilindschy Hartman,nl NED,DF,Burnley,23-363,2001,11,11,977,10.9,0,4,4,0,0,0,1,0,0.1,0.1,1.3,1.4,4,33,28,0.00,0.37,0.37,0.00,0.37,0.01,0.12,0.13,0.01,0.13,Matches
168,Jorrel Hato,nl NED,DF,Chelsea,19-250,2006,4,2,168,1.9,0,0,0,0,0,0,2,0,0.0,0.0,0.0,0.0,0,4,1,0.00,0.00,0.00,0.00,0.00,0.00,0.00,0.00,0.00,0.00,Matches
169,Kai Havertz,de GER,FW,Arsenal,26-154,1999,1,0,31,0.3,0,0,0,0,0,0,0,0,0.0,0.0,0.0,0.0,1,2,2,0.00,0.00,0.00,0.00,0.00,0.00,0.00,0.00,0.00,0.00,Matches
170,Ayden Heaven,eng ENG,DF,Manchester Utd,19-051,2006,2,0,30,0.3,0,1,1,0,0,0,0,0,0.0,0.0,0.3,0.3,0,1,0,0.00,3.00,3.00,0.00,3.00,0.00,0.95,0.95,0.00,0.95,Matches
171,Jan Paul van Hecke,nl NED,DF,Brighton,25-157,2000,11,11,990,11.0,1,0,1,1,0,0,3,0,0.7,0.7,0.1,0.8,23,80,3,0.09,0.00,0.09,0.09,0.09,0.06,0.01,0.07,0.06,0.07,Matches
172,Hwang Hee-chan,kr KOR,FW,Wolves,29-290,1996,8,5,369,4.1,1,0,1,1,0,0,0,0,0.6,0.6,0.0,0.7,7,11,22,0.24,0.00,0.24,0.24,0.24,0.16,0.01,0.17,0.16,0.17,Matches
173,Dean Henderson,eng ENG,GK,Crystal Palace,28-245,1997,11,11,990,11.0,0,0,0,0,0,0,1,0,0.0,0.0,0.0,0.0,0,0,0,0.00,0.00,0.00,0.00,0.00,0.00,0.00,0.00,0.00,0.00,Matches
174,Jordan Henderson,eng ENG,MF,Brentford,35-148,1990,11,10,830,9.2,0,2,2,0,0,0,3,0,0.1,0.1,0.7,0.8,6,46,6,0.00,0.22,0.22,0.00,0.22,0.01,0.08,0.09,0.01,0.09,Matches
175,Rico Henry,eng ENG,DF,Brentford,28-127,1997,8,1,194,2.2,0,0,0,0,0,0,1,0,0.1,0.1,0.1,0.3,14,3,13,0.00,0.00,0.00,0.00,0.00,0.06,0.06,0.12,0.06,0.12,Matches
Rk,Player,Nation,Pos,Squad,Age,Born,MP,Starts,Min,90s,Gls,Ast,G+A,G-PK,PK,PKatt,CrdY,CrdR,xG,npxG,xAG,npxG+xAG,PrgC,PrgP,PrgR,Gls,Ast,G+A,G-PK,G+A-PK,xG,xAG,xG+xAG,npxG,npxG+xAG,Matches
176,Mads Hermansen,dk DEN,GK,West Ham,25-124,2000,4,4,360,4.0,0,0,0,0,0,0,0,0,0.0,0.0,0.0,0.0,0,0,0,0.00,0.00,0.00,0.00,0.00,0.00,0.00,0.00,0.00,0.00,Matches
177,Aaron Hickey,sct SCO,DF,Brentford,23-155,2002,6,3,256,2.8,0,0,0,0,0,0,1,0,0.2,0.2,0.0,0.2,0,5,6,0.00,0.00,0.00,0.00,0.00,0.05,0.00,0.05,0.05,0.05,Matches
178,James Hill,eng ENG,DF,Bournemouth,23-306,2002,7,2,276,3.1,0,0,0,0,0,0,1,0,0.1,0.1,0.0,0.1,3,17,8,0.00,0.00,0.00,0.00,0.00,0.04,0.00,0.04,0.04,0.04,Matches
179,Piero Hincapié,ec ECU,DF,Arsenal,23-307,2002,2,0,28,0.3,0,0,0,0,0,0,0,0,0.0,0.0,0.0,0.0,2,1,0,0.00,0.00,0.00,0.00,0.00,0.00,0.00,0.00,0.00,0.00,Matches
180,Jack Hinshelwood,eng ENG,MF,Brighton,20-215,2005,3,2,107,1.2,0,0,0,0,0,0,0,0,0.0,0.0,0.0,0.0,2,2,1,0.00,0.00,0.00,0.00,0.00,0.00,0.00,0.00,0.00,0.00,Matches
181,Ki-Jana Hoever,nl NED,"DF,MF",Wolves,23-298,2002,5,4,250,2.8,0,0,0,0,0,0,0,0,0.0,0.0,0.2,0.3,6,9,15,0.00,0.00,0.00,0.00,0.00,0.01,0.09,0.10,0.01,0.10,Matches
182,Callum Hudson-Odoi,eng ENG,FW,Nott'ham Forest,25-005,2000,10,6,570,6.3,1,0,1,1,0,0,0,0,0.6,0.6,1.7,2.3,35,29,79,0.16,0.00,0.16,0.16,0.16,0.09,0.26,0.36,0.09,0.36,Matches
183,Will Hughes,eng ENG,MF,Crystal Palace,30-209,1995,9,5,450,5.0,0,0,0,0,0,0,3,0,0.2,0.2,0.5,0.7,2,30,3,0.00,0.00,0.00,0.00,0.00,0.03,0.11,0.14,0.03,0.14,Matches
184,Trai Hume,nir NIR,"DF,MF",Sunderland,23-239,2002,11,11,978,10.9,0,1,1,0,0,0,1,0,0.4,0.4,0.5,0.9,11,37,27,0.00,0.09,0.09,0.00,0.09,0.04,0.04,0.08,0.04,0.08,Matches
185,Bashir Humphreys,eng ENG,DF,Burnley,22-242,2003,1,0,3,0.0,0,0,0,0,0,0,0,0,0.0,0.0,0.0,0.0,0,0,0,0.00,0.00,0.00,0.00,0.00,0.00,0.00,0.00,0.00,0.00,Matches
186,Omari Hutchinson,eng ENG,"FW,MF",Nott'ham Forest,22-013,2003,6,0,134,1.5,0,1,1,0,0,0,0,0,0.5,0.5,1.2,1.7,8,4,25,0.00,0.67,0.67,0.00,0.67,0.32,0.82,1.14,0.32,1.14,Matches
187,Igor,br BRA,DF,West Ham,27-278,1998,3,0,15,0.2,0,0,0,0,0,0,0,0,0.0,0.0,0.0,0.0,0,0,0,0.00,0.00,0.00,0.00,0.00,0.00,0.21,0.21,0.00,0.21,Matches
188,Tim Iroegbunam,eng ENG,MF,Everton,22-135,2003,8,4,341,3.8,0,1,1,0,0,0,4,0,0.2,0.2,0.2,0.4,2,9,8,0.00,0.26,0.26,0.00,0.26,0.04,0.05,0.09,0.04,0.09,Matches
189,Andy Irving,sct SCO,MF,West Ham,25-183,2000,6,2,150,1.7,0,0,0,0,0,0,0,0,0.0,0.0,0.1,0.1,2,12,2,0.00,0.00,0.00,0.00,0.00,0.00,0.07,0.07,0.00,0.07,Matches
190,Alexander Isak,se SWE,FW,Liverpool,26-052,1999,4,3,251,2.8,0,1,1,0,0,0,0,0,0.9,0.9,0.5,1.5,1,7,11,0.00,0.36,0.36,0.00,0.36,0.34,0.20,0.54,0.34,0.54,Matches
191,Wilson Isidor,fr FRA,FW,Sunderland,25-077,2000,11,8,672,7.5,4,0,4,4,0,0,0,0,2.5,2.5,0.0,2.5,5,5,30,0.54,0.00,0.54,0.54,0.54,0.33,0.00,0.33,0.33,0.33,Matches
192,Alex Iwobi,ng NGA,"FW,MF",Fulham,29-193,1996,11,11,898,10.0,1,2,3,1,0,0,2,0,0.6,0.6,1.9,2.5,43,60,57,0.10,0.20,0.30,0.10,0.30,0.06,0.19,0.25,0.06,0.25,Matches
193,Daniel James,wls WAL,"FW,MF",Leeds United,28-002,1997,8,3,289,3.2,0,0,0,0,0,0,0,0,0.5,0.5,0.6,1.1,15,7,30,0.00,0.00,0.00,0.00,0.00,0.16,0.19,0.36,0.16,0.36,Matches
194,Reece James,eng ENG,DF,Chelsea,25-339,1999,11,7,709,7.9,1,2,3,1,0,0,2,0,0.5,0.5,1.8,2.2,9,52,22,0.13,0.25,0.38,0.13,0.38,0.06,0.22,0.28,0.06,0.28,Matches
195,Vitaly Janelt,de GER,MF,Brentford,27-186,1998,7,0,151,1.7,0,0,0,0,0,0,0,0,0.2,0.2,0.1,0.3,1,8,1,0.00,0.00,0.00,0.00,0.00,0.14,0.04,0.18,0.14,0.18,Matches
196,Mathias Jensen,dk DEN,MF,Brentford,29-315,1996,9,2,219,2.4,2,0,2,2,0,0,0,0,0.5,0.5,0.2,0.7,4,16,5,0.82,0.00,0.82,0.82,0.82,0.22,0.08,0.30,0.22,0.30,Matches
197,Igor Jesus,br BRA,"FW,MF",Nott'ham Forest,24-260,2001,10,3,331,3.7,0,0,0,0,0,0,0,0,1.8,1.8,0.1,1.9,2,6,16,0.00,0.00,0.00,0.00,0.00,0.48,0.03,0.51,0.48,0.51,Matches
198,Álex Jiménez,es ESP,DF,Bournemouth,20-188,2005,8,5,412,4.6,0,0,0,0,0,0,4,0,0.1,0.1,0.1,0.2,18,23,8,0.00,0.00,0.00,0.00,0.00,0.02,0.02,0.04,0.02,0.04,Matches
199,Raúl Jiménez,mx MEX,FW,Fulham,34-191,1991,10,6,452,5.0,1,1,2,1,0,0,0,0,1.5,1.5,0.4,1.9,2,9,22,0.20,0.20,0.40,0.20,0.40,0.29,0.08,0.37,0.29,0.37,Matches
200,João Pedro,br BRA,"FW,MF",Chelsea,24-047,2001,11,11,930,10.3,4,3,7,4,0,0,0,0,3.8,3.8,2.4,6.2,25,33,65,0.39,0.29,0.68,0.39,0.68,0.37,0.23,0.61,0.37,0.61,Matches
Rk,Player,Nation,Pos,Squad,Age,Born,MP,Starts,Min,90s,Gls,Ast,G+A,G-PK,PK,PKatt,CrdY,CrdR,xG,npxG,xAG,npxG+xAG,PrgC,PrgP,PrgR,Gls,Ast,G+A,G-PK,G+A-PK,xG,xAG,xG+xAG,npxG,npxG+xAG,Matches
201,Joelinton,br BRA,MF,Newcastle Utd,29-090,1996,9,9,647,7.2,0,0,0,0,0,0,2,0,0.7,0.7,0.9,1.5,12,36,31,0.00,0.00,0.00,0.00,0.00,0.09,0.12,0.22,0.09,0.22,Matches
202,Brennan Johnson,wls WAL,FW,Tottenham,24-173,2001,11,5,471,5.2,2,0,2,2,0,0,2,0,1.0,1.0,0.3,1.2,10,7,31,0.38,0.00,0.38,0.38,0.38,0.18,0.05,0.23,0.18,0.23,Matches
203,Sam Johnstone,eng ENG,GK,Wolves,32-232,1993,7,7,630,7.0,0,0,0,0,0,0,0,0,0.0,0.0,0.0,0.0,0,1,0,0.00,0.00,0.00,0.00,0.00,0.00,0.00,0.00,0.00,0.00,Matches
204,Curtis Jones,eng ENG,MF,Liverpool,24-286,2001,9,2,344,3.8,0,0,0,0,0,0,1,0,0.3,0.3,0.4,0.7,13,48,12,0.00,0.00,0.00,0.00,0.00,0.08,0.10,0.18,0.08,0.18,Matches
205,Eli Junior Kroupi,fr FRA,"FW,MF",Bournemouth,19-142,2006,8,3,255,2.8,4,0,4,4,0,0,1,0,1.7,1.7,0.1,1.8,3,1,10,1.41,0.00,1.41,1.41,1.41,0.60,0.04,0.64,0.60,0.64,Matches
206,Hamed Junior Traorè,ci CIV,MF,Bournemouth,25-269,2000,1,0,17,0.2,0,1,1,0,0,0,0,0,0.0,0.0,0.2,0.2,0,0,0,0.00,5.29,5.29,0.00,5.29,0.00,1.10,1.10,0.00,1.10,Matches
207,James Justin,eng ENG,DF,Leeds United,27-262,1998,5,0,82,0.9,0,0,0,0,0,0,1,0,0.0,0.0,0.0,0.0,0,3,2,0.00,0.00,0.00,0.00,0.00,0.00,0.00,0.00,0.00,0.00,Matches
208,Filip Jørgensen,dk DEN,GK,Chelsea,23-210,2002,1,0,84,0.9,0,0,0,0,0,0,0,0,0.0,0.0,0.0,0.0,0,0,0,0.00,0.00,0.00,0.00,0.00,0.00,0.00,0.00,0.00,0.00,Matches
209,Ferdi Kadioglu,tr TUR,"DF,FW",Brighton,26-036,1999,10,7,737,8.2,0,0,0,0,0,0,3,0,0.3,0.3,0.4,0.6,24,35,35,0.00,0.00,0.00,0.00,0.00,0.03,0.05,0.08,0.03,0.08,Matches
210,Sasa Kalajdzic,at AUT,FW,Wolves,28-128,1997,1,0,15,0.2,0,0,0,0,0,0,0,0,0.0,0.0,0.0,0.0,0,0,2,0.00,0.00,0.00,0.00,0.00,0.00,0.00,0.00,0.00,0.00,Matches
211,Arnaud Kalimuendo,fr FRA,FW,Nott'ham Forest,23-296,2002,6,0,71,0.8,0,0,0,0,0,0,0,0,0.4,0.4,0.0,0.4,4,2,12,0.00,0.00,0.00,0.00,0.00,0.44,0.02,0.46,0.44,0.46,Matches
212,Daichi Kamada,jp JPN,MF,Crystal Palace,29-099,1996,9,9,757,8.4,0,0,0,0,0,0,0,0,0.6,0.6,0.9,1.6,13,35,24,0.00,0.00,0.00,0.00,0.00,0.08,0.11,0.19,0.08,0.19,Matches
213,Boubacar Kamara,fr FRA,MF,Aston Villa,25-354,1999,9,8,645,7.2,0,2,2,0,0,0,3,0,0.1,0.1,0.4,0.5,7,39,2,0.00,0.28,0.28,0.00,0.28,0.01,0.06,0.07,0.01,0.07,Matches
214,Michael Kayode,it ITA,DF,Brentford,21-125,2004,11,11,952,10.6,0,0,0,0,0,0,1,0,0.1,0.1,1.5,1.6,19,21,41,0.00,0.00,0.00,0.00,0.00,0.01,0.14,0.15,0.01,0.15,Matches
215,Michael Keane,eng ENG,DF,Everton,32-305,1993,11,11,964,10.7,2,0,2,2,0,0,0,0,0.9,0.9,0.1,1.1,2,24,2,0.19,0.00,0.19,0.19,0.19,0.09,0.01,0.10,0.09,0.10,Matches
216,Caoimhín Kelleher,ie IRL,GK,Brentford,26-354,1998,11,11,990,11.0,0,0,0,0,0,0,1,0,0.0,0.0,0.0,0.0,0,1,0,0.00,0.00,0.00,0.00,0.00,0.00,0.00,0.00,0.00,0.00,Matches
217,Milos Kerkez,hu HUN,DF,Liverpool,22-005,2003,10,9,695,7.7,1,0,1,1,0,0,3,0,0.8,0.8,0.6,1.4,12,35,40,0.13,0.00,0.13,0.13,0.13,0.10,0.07,0.18,0.10,0.18,Matches
218,Kevin,br BRA,"FW,MF",Fulham,22-312,2003,8,2,318,3.5,0,0,0,0,0,0,1,0,0.1,0.1,0.3,0.3,27,11,30,0.00,0.00,0.00,0.00,0.00,0.03,0.07,0.10,0.03,0.10,Matches
219,Abdukodir Khusanov,uz UZB,DF,Manchester City,21-256,2004,4,3,228,2.5,0,0,0,0,0,0,1,0,0.0,0.0,0.0,0.0,2,5,4,0.00,0.00,0.00,0.00,0.00,0.00,0.00,0.00,0.00,0.00,Matches
220,Max Kilman,eng ENG,DF,West Ham,28-173,1997,11,11,990,11.0,0,0,0,0,0,0,3,0,0.5,0.5,0.2,0.7,4,24,1,0.00,0.00,0.00,0.00,0.00,0.05,0.02,0.07,0.05,0.07,Matches
221,Joshua King,eng ENG,MF,Fulham,18-313,2007,11,9,661,7.3,0,0,0,0,0,0,2,0,0.8,0.8,0.2,1.1,19,23,41,0.00,0.00,0.00,0.00,0.00,0.11,0.03,0.14,0.11,0.14,Matches
222,Justin Kluivert,nl NED,MF,Bournemouth,26-191,1999,10,4,398,4.4,1,0,1,1,0,0,2,0,0.5,0.5,0.4,0.9,10,13,30,0.23,0.00,0.23,0.23,0.23,0.10,0.09,0.20,0.10,0.20,Matches
223,Joe Knight,eng ENG,MF,Brighton,20-052,2005,1,0,1,0.0,0,0,0,0,0,0,0,0,0.0,0.0,0.0,0.0,0,0,0,0.00,0.00,0.00,0.00,0.00,0.00,0.00,0.00,0.00,0.00,Matches
224,Randal Kolo Muani,fr FRA,FW,Tottenham,26-342,1998,4,3,190,2.1,0,0,0,0,0,0,0,0,0.1,0.1,0.1,0.2,2,0,12,0.00,0.00,0.00,0.00,0.00,0.06,0.03,0.09,0.06,0.09,Matches
225,Ibrahima Konaté,fr FRA,DF,Liverpool,26-171,1999,11,11,922,10.2,0,0,0,0,0,0,2,0,0.8,0.8,0.5,1.3,12,41,0,0.00,0.00,0.00,0.00,0.00,0.07,0.05,0.13,0.07,0.13,Matches
Rk,Player,Nation,Pos,Squad,Age,Born,MP,Starts,Min,90s,Gls,Ast,G+A,G-PK,PK,PKatt,CrdY,CrdR,xG,npxG,xAG,npxG+xAG,PrgC,PrgP,PrgR,Gls,Ast,G+A,G-PK,G+A-PK,xG,xAG,xG+xAG,npxG,npxG+xAG,Matches
226,Ezri Konsa,eng ENG,DF,Aston Villa,28-020,1997,10,10,875,9.7,0,0,0,0,0,0,0,1,0.0,0.0,0.0,0.1,5,28,3,0.00,0.00,0.00,0.00,0.00,0.00,0.00,0.01,0.00,0.01,Matches
227,Charalampos Kostoulas,gr GRE,"MF,FW",Brighton,18-166,2007,4,0,32,0.4,1,0,1,1,0,0,0,0,0.2,0.2,0.0,0.2,1,0,2,2.81,0.00,2.81,2.81,2.81,0.70,0.00,0.70,0.70,0.70,Matches
228,Mateo Kovačić,hr CRO,MF,Manchester City,31-190,1994,1,0,5,0.1,0,0,0,0,0,0,0,0,0.0,0.0,0.0,0.0,0,1,0,0.00,0.00,0.00,0.00,0.00,0.00,0.00,0.00,0.00,0.00,Matches
229,Emil Krafth,se SWE,DF,Newcastle Utd,31-102,1994,1,1,45,0.5,0,0,0,0,0,0,0,0,0.0,0.0,0.0,0.0,0,2,5,0.00,0.00,0.00,0.00,0.00,0.00,0.00,0.00,0.00,0.00,Matches
230,Ladislav Krejčí,cz CZE,"DF,MF",Wolves,26-206,1999,8,8,720,8.0,1,1,2,1,0,0,1,0,0.9,0.9,0.7,1.6,7,39,6,0.12,0.12,0.25,0.12,0.25,0.12,0.08,0.20,0.12,0.20,Matches
231,Mohammed Kudus,gh GHA,"FW,MF",Tottenham,25-102,2000,10,10,875,9.7,1,4,5,1,0,0,3,0,1.5,1.5,2.0,3.5,32,22,79,0.10,0.41,0.51,0.10,0.51,0.15,0.20,0.36,0.15,0.36,Matches
232,Jonah Kusi-Asare,se SWE,FW,Fulham,18-131,2007,1,0,1,0.0,0,0,0,0,0,0,0,0,0.0,0.0,0.0,0.0,0,1,0,0.00,0.00,0.00,0.00,0.00,0.00,0.00,0.00,0.00,0.00,Matches
233,Maxence Lacroix,fr FRA,DF,Crystal Palace,25-220,2000,11,11,990,11.0,0,1,1,0,0,0,1,0,0.5,0.5,0.6,1.1,0,17,3,0.00,0.09,0.09,0.00,0.09,0.04,0.05,0.10,0.04,0.10,Matches
234,Senne Lammens,be BEL,GK,Manchester Utd,23-128,2002,5,5,450,5.0,0,0,0,0,0,0,0,0,0.0,0.0,0.0,0.0,0,0,0,0.00,0.00,0.00,0.00,0.00,0.00,0.00,0.00,0.00,0.00,Matches
235,Jamaal Lascelles,eng ENG,DF,Newcastle Utd,32-001,1993,2,0,21,0.2,0,0,0,0,0,0,0,0,0.0,0.0,0.0,0.0,0,0,1,0.00,0.00,0.00,0.00,0.00,0.16,0.00,0.16,0.16,0.16,Matches
236,Josh Laurent,eng ENG,"DF,MF",Burnley,30-190,1995,10,6,561,6.2,0,0,0,0,0,0,1,0,0.2,0.2,0.2,0.3,7,12,11,0.00,0.00,0.00,0.00,0.00,0.02,0.03,0.05,0.02,0.05,Matches
237,Roméo Lavia,be BEL,MF,Chelsea,21-310,2004,4,1,108,1.2,0,0,0,0,0,0,0,0,0.0,0.0,0.0,0.0,1,9,1,0.00,0.00,0.00,0.00,0.00,0.00,0.00,0.00,0.00,0.00,Matches
238,Enzo Le Fée,fr FRA,"FW,MF",Sunderland,25-282,2000,10,8,693,7.7,1,1,2,0,1,1,1,0,1.0,0.2,0.7,0.9,13,20,39,0.13,0.13,0.26,0.00,0.13,0.13,0.09,0.21,0.03,0.11,Matches
239,Bernd Leno,de GER,GK,Fulham,33-253,1992,11,11,990,11.0,0,0,0,0,0,0,1,0,0.0,0.0,0.0,0.0,0,1,0,0.00,0.00,0.00,0.00,0.00,0.00,0.00,0.00,0.00,0.00,Matches
240,Jefferson Lerma,co COL,MF,Crystal Palace,31-018,1994,10,3,366,4.1,0,1,1,0,0,0,2,0,0.6,0.6,0.2,0.7,2,21,3,0.00,0.25,0.25,0.00,0.25,0.14,0.04,0.18,0.14,0.18,Matches
241,Rico Lewis,eng ENG,DF,Manchester City,20-356,2004,5,2,175,1.9,0,1,1,0,0,0,0,0,0.0,0.0,1.0,1.0,2,19,9,0.00,0.51,0.51,0.00,0.51,0.01,0.52,0.53,0.01,0.53,Matches
242,Keane Lewis-Potter,eng ENG,"DF,FW",Brentford,24-263,2001,9,5,450,5.0,0,1,1,0,0,0,1,0,0.2,0.2,0.6,0.8,10,9,20,0.00,0.20,0.20,0.00,0.20,0.03,0.12,0.16,0.03,0.16,Matches
243,Myles Lewis-Skelly,eng ENG,DF,Arsenal,19-047,2006,7,0,92,1.0,0,0,0,0,0,0,1,0,0.0,0.0,0.0,0.0,1,2,6,0.00,0.00,0.00,0.00,0.00,0.00,0.00,0.00,0.00,0.00,Matches
244,Matthijs de Ligt,nl NED,DF,Manchester Utd,26-092,1999,11,11,990,11.0,1,0,1,1,0,0,0,0,1.0,1.0,0.5,1.5,3,16,7,0.09,0.00,0.09,0.09,0.09,0.09,0.05,0.14,0.09,0.14,Matches
245,Victor Lindelöf,se SWE,"MF,DF",Aston Villa,31-118,1994,3,0,24,0.3,0,0,0,0,0,0,0,0,0.0,0.0,0.0,0.0,0,2,0,0.00,0.00,0.00,0.00,0.00,0.00,0.00,0.00,0.00,0.00,Matches
246,Valentino Livramento,eng ENG,DF,Newcastle Utd,23-000,2002,6,6,526,5.8,0,1,1,0,0,0,0,0,0.0,0.0,0.2,0.2,14,24,38,0.00,0.17,0.17,0.00,0.17,0.00,0.03,0.03,0.00,0.03,Matches
247,Sean Longstaff,eng ENG,MF,Leeds United,28-013,1997,11,9,788,8.8,1,2,3,1,0,0,1,0,0.7,0.7,1.8,2.5,2,25,14,0.11,0.23,0.34,0.11,0.34,0.08,0.20,0.28,0.08,0.28,Matches
248,Fer López,es ESP,"MF,FW",Wolves,21-172,2004,5,1,120,1.3,0,1,1,0,0,0,1,0,0.1,0.1,0.7,0.9,5,14,10,0.00,0.75,0.75,0.00,0.75,0.10,0.56,0.66,0.10,0.66,Matches
249,Lucas,br BRA,DF,Burnley,24-233,2001,1,0,10,0.1,0,0,0,0,0,0,0,0,0.0,0.0,0.0,0.0,0,1,1,0.00,0.00,0.00,0.00,0.00,0.00,0.43,0.43,0.00,0.43,Matches
250,Florentino Luís,pt POR,MF,Burnley,26-085,1999,8,7,657,7.3,0,1,1,0,0,0,1,0,0.4,0.4,0.2,0.6,2,28,6,0.00,0.14,0.14,0.00,0.14,0.06,0.03,0.08,0.06,0.08,Matches
Rk,Player,Nation,Pos,Squad,Age,Born,MP,Starts,Min,90s,Gls,Ast,G+A,G-PK,PK,PKatt,CrdY,CrdR,xG,npxG,xAG,npxG+xAG,PrgC,PrgP,PrgR,Gls,Ast,G+A,G-PK,G+A-PK,xG,xAG,xG+xAG,npxG,npxG+xAG,Matches
251,Douglas Luiz,br BRA,MF,Nott'ham Forest,27-187,1998,4,4,185,2.1,0,0,0,0,0,0,1,0,0.0,0.0,0.6,0.6,4,2,6,0.00,0.00,0.00,0.00,0.00,0.01,0.27,0.28,0.01,0.28,Matches
252,Saša Lukić,rs SRB,MF,Fulham,29-091,1996,9,9,676,7.5,1,1,2,1,0,0,5,0,1.5,1.5,1.1,2.6,14,23,21,0.13,0.13,0.27,0.13,0.27,0.20,0.15,0.35,0.20,0.35,Matches
253,Ian Maatsen,nl NED,DF,Aston Villa,23-247,2002,7,1,178,2.0,0,0,0,0,0,0,1,0,0.2,0.2,0.3,0.5,8,19,17,0.00,0.00,0.00,0.00,0.00,0.10,0.14,0.24,0.10,0.24,Matches
254,Alexis Mac Allister,ar ARG,MF,Liverpool,26-323,1998,10,9,638,7.1,0,2,2,0,0,0,1,0,0.7,0.7,1.3,2.0,13,26,18,0.00,0.28,0.28,0.00,0.28,0.09,0.19,0.28,0.09,0.28,Matches
255,Noni Madueke,eng ENG,FW,Arsenal,23-247,2002,5,4,304,3.4,0,0,0,0,0,0,0,0,0.3,0.3,0.8,1.1,18,9,44,0.00,0.00,0.00,0.00,0.00,0.09,0.25,0.34,0.09,0.34,Matches
256,Gabriel Magalhães,br BRA,DF,Arsenal,27-328,1997,11,11,990,11.0,1,2,3,1,0,0,1,0,0.8,0.8,1.4,2.2,6,39,1,0.09,0.18,0.27,0.09,0.27,0.07,0.13,0.20,0.07,0.20,Matches
257,Soungoutou Magassa,fr FRA,MF,West Ham,22-035,2003,6,2,193,2.1,0,0,0,0,0,0,1,0,0.0,0.0,0.0,0.0,2,2,3,0.00,0.00,0.00,0.00,0.00,0.00,0.00,0.00,0.00,0.00,Matches
258,Harry Maguire,eng ENG,DF,Manchester Utd,32-252,1993,8,4,345,3.8,1,1,2,1,0,0,0,0,0.3,0.3,0.4,0.7,2,15,2,0.26,0.26,0.52,0.26,0.52,0.08,0.09,0.18,0.08,0.18,Matches
259,Kobbie Mainoo,eng ENG,MF,Manchester Utd,20-207,2005,7,0,144,1.6,0,0,0,0,0,0,0,0,0.1,0.1,0.2,0.2,5,7,4,0.00,0.00,0.00,0.00,0.00,0.04,0.11,0.15,0.04,0.15,Matches
260,Donyell Malen,nl NED,FW,Aston Villa,26-307,1999,11,3,341,3.8,3,0,3,3,0,0,0,0,1.4,1.4,0.2,1.6,9,8,20,0.79,0.00,0.79,0.79,0.79,0.37,0.05,0.43,0.37,0.43,Matches
261,Giorgi Mamardashvili,ge GEO,GK,Liverpool,25-044,2000,5,5,450,5.0,0,0,0,0,0,0,0,0,0.0,0.0,0.0,0.0,0,0,0,0.00,0.00,0.00,0.00,0.00,0.00,0.00,0.00,0.00,0.00,Matches
262,Reinildo Mandava,mz MOZ,"DF,MF",Sunderland,31-295,1994,8,8,662,7.4,0,0,0,0,0,0,2,1,0.1,0.1,0.0,0.1,15,32,14,0.00,0.00,0.00,0.00,0.00,0.01,0.00,0.01,0.01,0.01,Matches
263,Mateus Mane,pt POR,FW,Wolves,18-057,2007,1,0,21,0.2,0,0,0,0,0,0,0,0,0.0,0.0,0.1,0.1,1,2,0,0.00,0.00,0.00,0.00,0.00,0.00,0.30,0.30,0.00,0.30,Matches
264,Omar Marmoush,eg EGY,"FW,MF",Manchester City,26-278,1999,6,2,182,2.0,0,1,1,0,0,0,0,0,1.0,1.0,1.0,2.0,7,5,18,0.00,0.49,0.49,0.00,0.49,0.51,0.50,1.01,0.51,1.01,Matches
265,Callum Marshall,nir NIR,FW,West Ham,20-349,2004,2,0,60,0.7,0,0,0,0,0,0,0,0,0.1,0.1,0.0,0.1,0,1,0,0.00,0.00,0.00,0.00,0.00,0.19,0.00,0.19,0.19,0.19,Matches
266,Gabriel Martinelli,br BRA,"FW,MF",Arsenal,24-147,2001,8,2,220,2.4,1,0,1,1,0,0,0,0,0.8,0.8,0.1,0.9,7,5,10,0.41,0.00,0.41,0.41,0.41,0.32,0.05,0.37,0.32,0.37,Matches
267,Emiliano Martínez,ar ARG,GK,Aston Villa,33-071,1992,9,9,810,9.0,0,0,0,0,0,0,1,0,0.0,0.0,0.0,0.0,0,1,0,0.00,0.00,0.00,0.00,0.00,0.00,0.00,0.00,0.00,0.00,Matches
268,Arthur Masuaku,cd COD,"DF,MF",Sunderland,32-005,1993,3,2,126,1.4,0,0,0,0,0,0,1,0,0.1,0.1,0.1,0.1,2,5,5,0.00,0.00,0.00,0.00,0.00,0.05,0.05,0.10,0.05,0.10,Matches
269,Pape Matar Sarr,sn SEN,MF,Tottenham,23-059,2002,10,6,573,6.4,2,2,4,2,0,0,0,0,0.7,0.7,0.6,1.4,11,21,23,0.31,0.31,0.63,0.31,0.63,0.12,0.10,0.21,0.12,0.21,Matches
270,Jean-Philippe Mateta,fr FRA,FW,Crystal Palace,28-137,1997,11,11,959,10.7,6,0,6,4,2,2,2,0,8.1,6.5,0.3,6.8,6,10,47,0.56,0.00,0.56,0.38,0.38,0.76,0.03,0.78,0.61,0.63,Matches
271,Konstantinos Mavropanos,gr GRE,DF,West Ham,27-336,1997,6,5,495,5.5,0,0,0,0,0,0,1,0,0.4,0.4,0.0,0.4,2,17,0,0.00,0.00,0.00,0.00,0.00,0.07,0.00,0.07,0.07,0.07,Matches
272,Eliezer Mayenda,es ESP,FW,Sunderland,20-188,2005,7,3,264,2.9,1,0,1,1,0,0,0,0,0.5,0.5,0.5,0.9,3,3,8,0.34,0.00,0.34,0.34,0.34,0.16,0.16,0.32,0.16,0.32,Matches
273,Noussair Mazraoui,ma MAR,DF,Manchester Utd,27-363,1997,5,3,202,2.2,0,0,0,0,0,0,1,0,0.0,0.0,0.0,0.0,8,24,15,0.00,0.00,0.00,0.00,0.00,0.00,0.00,0.00,0.00,0.00,Matches
274,Bryan Mbeumo,cm CMR,MF,Manchester Utd,26-097,1999,11,11,955,10.6,5,1,6,5,0,0,0,0,3.2,3.2,2.5,5.7,29,29,97,0.47,0.09,0.57,0.47,0.57,0.30,0.23,0.54,0.30,0.54,Matches
275,James Mcatee,eng ENG,"MF,FW",Nott'ham Forest,23-025,2002,4,1,129,1.4,0,0,0,0,0,0,0,0,0.0,0.0,0.4,0.4,4,9,8,0.00,0.00,0.00,0.00,0.00,0.01,0.25,0.26,0.01,0.26,Matches
Rk,Player,Nation,Pos,Squad,Age,Born,MP,Starts,Min,90s,Gls,Ast,G+A,G-PK,PK,PKatt,CrdY,CrdR,xG,npxG,xAG,npxG+xAG,PrgC,PrgP,PrgR,Gls,Ast,G+A,G-PK,G+A-PK,xG,xAG,xG+xAG,npxG,npxG+xAG,Matches
276,John McGinn,sct SCO,"MF,FW",Aston Villa,31-025,1994,11,11,837,9.3,1,0,1,1,0,0,1,0,1.0,1.0,1.0,2.0,11,38,26,0.11,0.00,0.11,0.11,0.11,0.10,0.11,0.21,0.10,0.21,Matches
277,Dwight McNeil,eng ENG,"FW,MF",Everton,25-355,1999,3,0,54,0.6,0,0,0,0,0,0,0,0,0.2,0.2,0.1,0.4,0,0,2,0.00,0.00,0.00,0.00,0.00,0.41,0.24,0.65,0.41,0.65,Matches
278,Hannibal Mejbri,tn TUN,MF,Burnley,22-295,2003,10,3,293,3.3,0,1,1,0,0,0,1,0,0.2,0.2,0.7,0.9,8,10,11,0.00,0.31,0.31,0.00,0.31,0.05,0.22,0.28,0.05,0.28,Matches
279,Mikel Merino,es ESP,"MF,FW",Arsenal,29-143,1996,10,4,418,4.6,1,1,2,1,0,0,0,0,0.7,0.7,0.4,1.1,6,18,18,0.22,0.22,0.43,0.22,0.43,0.15,0.08,0.23,0.15,0.23,Matches
280,Antoni Milambo,nl NED,MF,Brentford,20-223,2005,1,1,45,0.5,0,0,0,0,0,0,0,0,0.0,0.0,0.0,0.0,1,3,1,0.00,0.00,0.00,0.00,0.00,0.00,0.00,0.00,0.00,0.00,Matches
281,Nikola Milenković,rs SRB,DF,Nott'ham Forest,28-031,1997,11,11,990,11.0,0,0,0,0,0,0,1,0,0.6,0.6,0.3,0.9,5,32,0,0.00,0.00,0.00,0.00,0.00,0.05,0.03,0.08,0.05,0.08,Matches
282,Lewis Miley,eng ENG,MF,Newcastle Utd,19-195,2006,8,2,275,3.1,0,1,1,0,0,0,0,0,0.0,0.0,0.3,0.3,2,10,9,0.00,0.33,0.33,0.00,0.33,0.01,0.09,0.10,0.01,0.10,Matches
283,James Milner,eng ENG,MF,Brighton,39-312,1986,7,1,193,2.1,1,1,2,0,1,1,1,0,0.8,0.0,0.2,0.2,2,9,5,0.47,0.47,0.93,0.00,0.47,0.37,0.10,0.47,0.00,0.10,Matches
284,Veljko Milosavljević,rs SRB,DF,Bournemouth,18-137,2007,4,3,276,3.1,0,0,0,0,0,0,0,0,0.0,0.0,0.1,0.1,0,6,0,0.00,0.00,0.00,0.00,0.00,0.00,0.02,0.02,0.00,0.02,Matches
285,Tyrone Mings,eng ENG,DF,Aston Villa,32-244,1993,7,6,498,5.5,0,0,0,0,0,0,0,0,0.3,0.3,0.1,0.4,1,27,3,0.00,0.00,0.00,0.00,0.00,0.05,0.02,0.07,0.05,0.07,Matches
286,Yankuba Minteh,gm GAM,FW,Brighton,21-113,2004,11,11,947,10.5,1,3,4,1,0,0,0,0,2.1,2.1,2.7,4.8,53,14,106,0.10,0.29,0.38,0.10,0.38,0.20,0.26,0.46,0.20,0.46,Matches
287,Tyrick Mitchell,eng ENG,DF,Crystal Palace,26-072,1999,11,11,989,11.0,1,0,1,1,0,0,2,0,0.4,0.4,0.7,1.2,25,17,67,0.09,0.00,0.09,0.09,0.09,0.04,0.07,0.11,0.04,0.11,Matches
288,Kaoru Mitoma,jp JPN,FW,Brighton,28-176,1997,6,6,508,5.6,1,1,2,1,0,0,1,0,0.8,0.8,1.1,1.8,13,13,37,0.18,0.18,0.35,0.18,0.35,0.13,0.19,0.32,0.13,0.32,Matches
289,Morato,br BRA,DF,Nott'ham Forest,24-135,2001,6,5,439,4.9,0,0,0,0,0,0,3,0,0.0,0.0,0.0,0.0,1,15,0,0.00,0.00,0.00,0.00,0.00,0.01,0.00,0.01,0.01,0.01,Matches
290,Cristhian Mosquera,es ESP,DF,Arsenal,21-138,2004,7,2,297,3.3,0,0,0,0,0,0,0,0,0.0,0.0,0.1,0.1,2,7,1,0.00,0.00,0.00,0.00,0.00,0.00,0.02,0.02,0.00,0.02,Matches
291,Yerson Mosquera,co COL,DF,Wolves,24-194,2001,4,2,182,2.0,0,0,0,0,0,0,1,0,0.1,0.1,0.0,0.1,1,1,1,0.00,0.00,0.00,0.00,0.00,0.03,0.00,0.03,0.03,0.03,Matches
292,Mason Mount,eng ENG,MF,Manchester Utd,26-306,1999,8,5,351,3.9,1,0,1,1,0,0,0,0,0.5,0.5,0.5,1.0,5,20,18,0.26,0.00,0.26,0.26,0.26,0.13,0.12,0.25,0.13,0.25,Matches
293,Nordi Mukiele,fr FRA,DF,Sunderland,28-011,1997,9,9,810,9.0,1,1,2,1,0,0,1,0,0.6,0.6,0.5,1.1,6,26,17,0.11,0.11,0.22,0.11,0.22,0.07,0.05,0.13,0.07,0.13,Matches
294,Marshall Munetsi,zw ZIM,"MF,FW",Wolves,29-143,1996,11,8,804,8.9,1,1,2,1,0,0,2,0,1.4,1.4,0.5,1.9,9,14,31,0.11,0.11,0.22,0.11,0.22,0.16,0.06,0.22,0.16,0.22,Matches
295,Rodrigo Muniz,br BRA,FW,Fulham,24-192,2001,7,4,352,3.9,1,1,2,1,0,0,1,0,1.0,1.0,0.3,1.3,0,2,11,0.26,0.26,0.51,0.26,0.51,0.26,0.07,0.33,0.26,0.33,Matches
296,Daniel Muñoz,co COL,"DF,MF",Crystal Palace,29-170,1996,11,11,989,11.0,1,2,3,1,0,0,3,0,0.9,0.9,2.4,3.3,13,24,63,0.09,0.18,0.27,0.09,0.27,0.08,0.22,0.30,0.08,0.30,Matches
297,Murillo,br BRA,DF,Nott'ham Forest,23-131,2002,8,8,649,7.2,0,0,0,0,0,0,2,0,0.1,0.1,0.0,0.1,3,37,0,0.00,0.00,0.00,0.00,0.00,0.01,0.00,0.01,0.01,0.01,Matches
298,Jacob Murphy,eng ENG,"FW,MF",Newcastle Utd,30-261,1995,10,7,568,6.3,2,1,3,2,0,0,0,0,2.3,2.3,1.2,3.4,15,18,79,0.32,0.16,0.48,0.32,0.48,0.36,0.19,0.55,0.36,0.55,Matches
299,Vitaliy Mykolenko,ua UKR,DF,Everton,26-167,1999,8,8,715,7.9,0,0,0,0,0,0,1,0,0.0,0.0,0.4,0.4,9,43,30,0.00,0.00,0.00,0.00,0.00,0.01,0.05,0.05,0.01,0.05,Matches
300,David Møller Wolfe,no NOR,"MF,DF",Wolves,23-203,2002,5,2,151,1.7,0,1,1,0,0,0,0,0,0.0,0.0,0.3,0.3,3,3,8,0.00,0.60,0.60,0.00,0.60,0.00,0.16,0.16,0.00,0.16,Matches
Rk,Player,Nation,Pos,Squad,Age,Born,MP,Starts,Min,90s,Gls,Ast,G+A,G-PK,PK,PKatt,CrdY,CrdR,xG,npxG,xAG,npxG+xAG,PrgC,PrgP,PrgR,Gls,Ast,G+A,G-PK,G+A-PK,xG,xAG,xG+xAG,npxG,npxG+xAG,Matches
301,Iliman Ndiaye,sn SEN,FW,Everton,25-251,2000,11,11,912,10.1,4,1,5,3,1,1,2,0,2.7,1.9,2.2,4.1,37,19,61,0.39,0.10,0.49,0.30,0.39,0.26,0.22,0.48,0.19,0.40,Matches
302,Dan Ndoye,ch SUI,FW,Nott'ham Forest,25-018,2000,10,10,754,8.4,1,1,2,1,0,0,1,0,0.3,0.3,0.9,1.3,34,19,74,0.12,0.12,0.24,0.12,0.24,0.04,0.11,0.15,0.04,0.15,Matches
303,Dan Neil,eng ENG,MF,Sunderland,23-334,2001,2,0,2,0.0,0,0,0,0,0,0,0,0,0.0,0.0,0.0,0.0,0,0,0,0.00,0.00,0.00,0.00,0.00,0.00,0.00,0.00,0.00,0.00,Matches
304,Reiss Nelson,eng ENG,FW,Brentford,25-337,1999,2,0,17,0.2,0,0,0,0,0,0,0,0,0.1,0.1,0.0,0.1,1,3,4,0.00,0.00,0.00,0.00,0.00,0.30,0.00,0.30,0.30,0.30,Matches
305,Pedro Neto,pt POR,FW,Chelsea,25-248,2000,11,11,829,9.2,3,2,5,3,0,0,0,0,2.1,2.1,1.8,3.8,44,31,83,0.33,0.22,0.54,0.33,0.54,0.22,0.19,0.42,0.22,0.42,Matches
306,Rio Ngumoha,eng ENG,"FW,MF",Liverpool,17-075,2008,4,0,33,0.4,1,0,1,1,0,0,0,0,0.4,0.4,0.1,0.4,5,0,10,2.73,0.00,2.73,2.73,2.73,0.97,0.26,1.23,0.97,1.23,Matches
307,Eddie Nketiah,eng ENG,"MF,FW",Crystal Palace,26-166,1999,5,0,112,1.2,1,0,1,1,0,0,1,0,0.9,0.9,0.8,1.7,3,2,4,0.80,0.00,0.80,0.80,0.80,0.71,0.66,1.38,0.71,1.38,Matches
308,Lukas Nmecha,de GER,FW,Leeds United,26-333,1998,11,2,279,3.1,2,0,2,1,1,1,0,0,2.0,1.3,0.0,1.3,5,2,15,0.65,0.00,0.65,0.32,0.32,0.65,0.00,0.65,0.42,0.42,Matches
309,Matheus Nunes,pt POR,DF,Manchester City,27-077,1998,9,7,694,7.7,1,1,2,1,0,0,1,0,0.2,0.2,0.2,0.5,19,35,23,0.13,0.13,0.26,0.13,0.26,0.03,0.03,0.06,0.03,0.06,Matches
310,Ethan Nwaneri,eng ENG,MF,Arsenal,18-236,2007,5,0,168,1.9,0,0,0,0,0,0,0,0,0.2,0.2,0.0,0.3,7,13,6,0.00,0.00,0.00,0.00,0.00,0.12,0.02,0.15,0.12,0.15,Matches
311,Christian Nørgaard,dk DEN,MF,Arsenal,31-247,1994,2,0,15,0.2,0,0,0,0,0,0,0,0,0.1,0.1,0.0,0.1,0,1,0,0.00,0.00,0.00,0.00,0.00,0.31,0.00,0.31,0.31,0.31,Matches
312,Jake O'Brien,ie IRL,DF,Everton,24-181,2001,11,10,869,9.7,0,0,0,0,0,0,0,0,0.4,0.4,0.1,0.5,9,24,20,0.00,0.00,0.00,0.00,0.00,0.04,0.01,0.05,0.04,0.05,Matches
313,Matt O'Riley,dk DEN,MF,Brighton,24-356,2000,2,2,177,2.0,1,0,1,0,1,1,0,0,1.2,0.4,0.2,0.6,0,5,11,0.51,0.00,0.51,0.00,0.00,0.61,0.10,0.72,0.21,0.32,Matches
314,Wilson Odobert,fr FRA,FW,Tottenham,20-349,2004,10,3,382,4.2,0,1,1,0,0,0,0,0,0.8,0.8,0.9,1.7,19,18,33,0.00,0.24,0.24,0.00,0.24,0.18,0.22,0.40,0.18,0.40,Matches
315,Noah Okafor,ch SUI,"FW,MF",Leeds United,25-172,2000,8,7,517,5.7,2,0,2,2,0,0,2,0,1.4,1.4,0.6,2.0,18,13,41,0.35,0.00,0.35,0.35,0.35,0.24,0.11,0.35,0.24,0.35,Matches
316,Amadou Onana,be BEL,MF,Aston Villa,24-088,2001,7,6,485,5.4,1,0,1,1,0,0,2,0,0.3,0.3,0.0,0.3,3,22,2,0.19,0.00,0.19,0.19,0.19,0.05,0.00,0.05,0.05,0.05,Matches
317,Frank Onyeka,ng NGA,MF,Brentford,27-315,1998,6,0,92,1.0,0,1,1,0,0,0,0,0,0.0,0.0,0.1,0.1,2,4,2,0.00,0.98,0.98,0.00,0.98,0.00,0.12,0.12,0.00,0.12,Matches
318,Nehemiah Oriola,eng ENG,MF,Brighton,18-154,2007,1,0,1,0.0,0,0,0,0,0,0,0,0,0.0,0.0,0.0,0.0,0,0,0,0.00,0.00,0.00,0.00,0.00,0.00,0.00,0.00,0.00,0.00,Matches
319,William Osula,dk DEN,FW,Newcastle Utd,22-100,2003,10,1,219,2.4,1,0,1,1,0,0,0,0,0.6,0.6,0.1,0.7,4,2,12,0.41,0.00,0.41,0.41,0.41,0.27,0.03,0.30,0.27,0.30,Matches
320,Dango Ouattara,bf BFA,FW,Brentford,23-274,2002,10,7,641,7.1,2,0,2,2,0,0,2,0,2.5,2.5,0.7,3.3,19,9,49,0.28,0.00,0.28,0.28,0.28,0.36,0.10,0.46,0.36,0.46,Matches
321,Nico O’Reilly,eng ENG,DF,Manchester City,20-236,2005,10,7,686,7.6,1,2,3,1,0,0,2,0,1.0,1.0,0.8,1.7,25,14,39,0.13,0.26,0.39,0.13,0.39,0.13,0.10,0.22,0.13,0.22,Matches
322,João Palhinha,pt POR,MF,Tottenham,30-126,1995,11,10,861,9.6,2,1,3,2,0,0,3,0,0.7,0.7,0.1,0.8,3,29,10,0.21,0.10,0.31,0.21,0.31,0.07,0.01,0.08,0.07,0.08,Matches
323,Cole Palmer,eng ENG,MF,Chelsea,23-190,2002,3,2,145,1.6,1,0,1,1,0,0,0,0,0.8,0.8,0.0,0.8,9,11,14,0.62,0.00,0.62,0.62,0.62,0.50,0.01,0.51,0.50,0.51,Matches
324,Lucas Paquetá,br BRA,"MF,FW",West Ham,28-077,1997,11,11,958,10.6,3,0,3,2,1,1,5,0,1.9,1.1,1.1,2.1,6,71,40,0.28,0.00,0.28,0.19,0.19,0.18,0.10,0.27,0.10,0.20,Matches
325,Lucas Perri,br BRA,GK,Leeds United,27-337,1997,6,6,540,6.0,0,0,0,0,0,0,1,0,0.0,0.0,0.0,0.0,0,0,0,0.00,0.00,0.00,0.00,0.00,0.00,0.00,0.00,0.00,0.00,Matches
Rk,Player,Nation,Pos,Squad,Age,Born,MP,Starts,Min,90s,Gls,Ast,G+A,G-PK,PK,PKatt,CrdY,CrdR,xG,npxG,xAG,npxG+xAG,PrgC,PrgP,PrgR,Gls,Ast,G+A,G-PK,G+A-PK,xG,xAG,xG+xAG,npxG,npxG+xAG,Matches
326,Đorđe Petrović,rs SRB,GK,Bournemouth,26-035,1999,11,11,990,11.0,0,0,0,0,0,0,1,0,0.0,0.0,0.0,0.0,0,0,0,0.00,0.00,0.00,0.00,0.00,0.00,0.00,0.00,0.00,0.00,Matches
327,Jordan Pickford,eng ENG,GK,Everton,31-250,1994,11,11,990,11.0,0,0,0,0,0,0,0,0,0.0,0.0,0.0,0.0,0,0,0,0.00,0.00,0.00,0.00,0.00,0.00,0.00,0.00,0.00,0.00,Matches
328,Ethan Pinnock,jm JAM,DF,Brentford,32-167,1993,2,2,155,1.7,0,0,0,0,0,0,1,0,0.0,0.0,0.0,0.0,0,2,2,0.00,0.00,0.00,0.00,0.00,0.00,0.00,0.00,0.00,0.00,Matches
329,Yeremi Pino,es ESP,MF,Crystal Palace,23-023,2002,9,7,531,5.9,0,0,0,0,0,0,2,0,1.4,1.4,1.4,2.8,11,35,43,0.00,0.00,0.00,0.00,0.00,0.24,0.23,0.47,0.24,0.47,Matches
330,Joël Piroe,nl NED,"FW,MF",Leeds United,26-102,1999,5,2,181,2.0,0,0,0,0,0,0,0,0,0.6,0.6,0.0,0.6,1,2,7,0.00,0.00,0.00,0.00,0.00,0.28,0.00,0.28,0.28,0.28,Matches
331,Nick Pope,eng ENG,GK,Newcastle Utd,33-207,1992,11,11,976,10.8,0,0,0,0,0,0,1,0,0.0,0.0,0.0,0.0,0,0,0,0.00,0.00,0.00,0.00,0.00,0.00,0.00,0.00,0.00,0.00,Matches
332,Pedro Porro,es ESP,DF,Tottenham,26-060,1999,11,10,865,9.6,0,1,1,0,0,0,1,0,0.1,0.1,1.2,1.3,21,49,26,0.00,0.10,0.10,0.00,0.10,0.01,0.13,0.14,0.01,0.14,Matches
333,Freddie Potts,eng ENG,MF,West Ham,22-061,2003,6,2,285,3.2,0,0,0,0,0,0,0,0,0.0,0.0,0.2,0.2,0,9,4,0.00,0.00,0.00,0.00,0.00,0.00,0.07,0.07,0.00,0.07,Matches
334,Aaron Ramsdale,eng ENG,GK,Newcastle Utd,27-182,1998,1,0,14,0.2,0,0,0,0,0,0,0,0,0.0,0.0,0.0,0.0,0,0,0,0.00,0.00,0.00,0.00,0.00,0.00,0.00,0.00,0.00,0.00,Matches
335,Jacob Ramsey,eng ENG,MF,Newcastle Utd,24-168,2001,5,1,193,2.1,0,0,0,0,0,0,1,0,0.0,0.0,0.4,0.4,8,11,14,0.00,0.00,0.00,0.00,0.00,0.01,0.19,0.20,0.01,0.20,Matches
336,David Raya,es ESP,GK,Arsenal,30-058,1995,11,11,990,11.0,0,0,0,0,0,0,1,0,0.0,0.0,0.1,0.1,0,4,0,0.00,0.00,0.00,0.00,0.00,0.00,0.00,0.00,0.00,0.00,Matches
337,Tijjani Reijnders,nl NED,MF,Manchester City,27-106,1998,10,9,758,8.4,1,2,3,1,0,0,2,0,1.5,1.5,1.4,2.9,22,39,28,0.12,0.24,0.36,0.12,0.36,0.18,0.17,0.35,0.18,0.35,Matches
338,Declan Rice,eng ENG,MF,Arsenal,26-302,1999,11,10,894,9.9,2,2,4,2,0,0,0,0,1.0,1.0,1.7,2.7,28,75,25,0.20,0.20,0.40,0.20,0.40,0.10,0.17,0.28,0.10,0.28,Matches
339,Chris Richards,us USA,DF,Crystal Palace,25-229,2000,11,11,990,11.0,0,0,0,0,0,0,0,0,0.4,0.4,0.3,0.7,2,18,2,0.00,0.00,0.00,0.00,0.00,0.03,0.03,0.06,0.03,0.06,Matches
340,Richarlison,br BRA,FW,Tottenham,28-186,1997,11,6,635,7.1,4,2,6,4,0,0,2,0,2.1,2.1,1.3,3.5,8,13,27,0.57,0.28,0.85,0.57,0.85,0.30,0.19,0.49,0.30,0.49,Matches
341,Chris Rigg,eng ENG,MF,Sunderland,18-147,2007,6,3,187,2.1,0,0,0,0,0,0,0,0,0.1,0.1,0.1,0.2,1,3,6,0.00,0.00,0.00,0.00,0.00,0.05,0.04,0.09,0.05,0.09,Matches
342,Patrick Roberts,eng ENG,"MF,FW",Sunderland,28-280,1997,1,0,28,0.3,0,0,0,0,0,0,0,0,0.0,0.0,0.0,0.0,1,1,4,0.00,0.00,0.00,0.00,0.00,0.11,0.00,0.11,0.11,0.11,Matches
343,Andrew Robertson,sct SCO,DF,Liverpool,31-246,1994,6,2,295,3.3,0,0,0,0,0,0,0,0,0.2,0.2,0.5,0.7,7,20,19,0.00,0.00,0.00,0.00,0.00,0.06,0.14,0.20,0.06,0.20,Matches
344,Antonee Robinson,us USA,DF,Fulham,28-096,1997,3,0,64,0.7,0,0,0,0,0,0,0,0,0.0,0.0,0.0,0.0,4,5,10,0.00,0.00,0.00,0.00,0.00,0.00,0.04,0.04,0.00,0.04,Matches
345,Joe Rodon,wls WAL,DF,Leeds United,28-021,1997,11,11,990,11.0,2,0,2,2,0,0,0,0,0.7,0.7,0.1,0.8,9,49,0,0.18,0.00,0.18,0.18,0.18,0.06,0.01,0.07,0.06,0.07,Matches
346,Rodri,es ESP,MF,Manchester City,29-143,1996,6,4,293,3.3,0,0,0,0,0,0,0,0,0.1,0.1,0.1,0.2,4,20,5,0.00,0.00,0.00,0.00,0.00,0.04,0.03,0.07,0.04,0.07,Matches
347,Guido Rodríguez,ar ARG,MF,West Ham,31-214,1994,2,1,90,1.0,0,0,0,0,0,0,0,0,0.0,0.0,0.0,0.0,0,5,3,0.00,0.00,0.00,0.00,0.00,0.03,0.00,0.03,0.03,0.03,Matches
348,Robin Roefs,nl NED,GK,Sunderland,22-299,2003,11,11,990,11.0,0,0,0,0,0,0,1,0,0.0,0.0,0.2,0.2,0,0,0,0.00,0.00,0.00,0.00,0.00,0.00,0.02,0.02,0.00,0.02,Matches
349,Morgan Rogers,eng ENG,"MF,FW",Aston Villa,23-109,2002,11,11,976,10.8,1,2,3,1,0,0,2,0,0.7,0.7,1.1,1.8,16,30,59,0.09,0.18,0.28,0.09,0.28,0.06,0.10,0.17,0.06,0.17,Matches
350,Merlin Röhl,de GER,"MF,FW",Everton,23-130,2002,4,0,95,1.1,0,0,0,0,0,0,0,0,0.4,0.4,0.1,0.5,3,4,7,0.00,0.00,0.00,0.00,0.00,0.40,0.07,0.46,0.40,0.46,Matches
Rk,Player,Nation,Pos,Squad,Age,Born,MP,Starts,Min,90s,Gls,Ast,G+A,G-PK,PK,PKatt,CrdY,CrdR,xG,npxG,xAG,npxG+xAG,PrgC,PrgP,PrgR,Gls,Ast,G+A,G-PK,G+A-PK,xG,xAG,xG+xAG,npxG,npxG+xAG,Matches
351,Cristian Romero,ar ARG,DF,Tottenham,27-199,1998,9,8,748,8.3,0,1,1,0,0,0,4,0,0.4,0.4,0.2,0.6,2,41,0,0.00,0.12,0.12,0.00,0.12,0.05,0.02,0.07,0.05,0.07,Matches
352,Georginio Rutter,fr FRA,"MF,FW",Brighton,23-206,2002,10,8,678,7.5,0,2,2,0,0,0,2,0,0.4,0.4,1.8,2.2,15,33,30,0.00,0.27,0.27,0.00,0.27,0.05,0.24,0.29,0.05,0.29,Matches
353,José Sá,pt POR,GK,Wolves,32-299,1993,4,4,360,4.0,0,0,0,0,0,0,0,0,0.0,0.0,0.1,0.1,0,0,0,0.00,0.00,0.00,0.00,0.00,0.00,0.02,0.02,0.00,0.02,Matches
354,Noah Sadiki,cd COD,MF,Sunderland,20-330,2004,11,11,981,10.9,0,0,0,0,0,0,4,0,0.1,0.1,0.4,0.5,21,34,30,0.00,0.00,0.00,0.00,0.00,0.01,0.03,0.05,0.01,0.05,Matches
355,Bukayo Saka,eng ENG,FW,Arsenal,24-068,2001,9,8,681,7.6,3,0,3,2,1,1,0,0,2.4,1.6,2.0,3.6,32,17,98,0.40,0.00,0.40,0.26,0.26,0.32,0.26,0.58,0.21,0.47,Matches
356,Mohamed Salah,eg EGY,FW,Liverpool,33-150,1992,11,11,983,10.9,4,2,6,3,1,1,1,0,3.6,2.8,1.8,4.6,40,40,122,0.37,0.18,0.55,0.27,0.46,0.33,0.16,0.49,0.26,0.42,Matches
357,William Saliba,fr FRA,DF,Arsenal,24-233,2001,10,9,724,8.0,0,0,0,0,0,0,0,0,0.3,0.3,0.1,0.3,4,36,3,0.00,0.00,0.00,0.00,0.00,0.03,0.01,0.04,0.03,0.04,Matches
358,Robert Sánchez,es ESP,GK,Chelsea,27-359,1997,11,11,904,10.0,0,0,0,0,0,0,1,1,0.0,0.0,0.1,0.1,0,0,0,0.00,0.00,0.00,0.00,0.00,0.00,0.01,0.01,0.00,0.01,Matches
359,Jadon Sancho,eng ENG,FW,Aston Villa,25-232,2000,4,0,91,1.0,0,0,0,0,0,0,0,0,0.3,0.3,0.1,0.4,7,8,17,0.00,0.00,0.00,0.00,0.00,0.32,0.10,0.43,0.32,0.43,Matches
360,Ibrahim Sangaré,ci CIV,MF,Nott'ham Forest,27-345,1997,8,6,501,5.6,1,0,1,1,0,0,2,0,0.6,0.6,0.1,0.7,5,37,3,0.18,0.00,0.18,0.18,0.18,0.11,0.01,0.12,0.11,0.12,Matches
361,Andrey Santos,br BRA,MF,Chelsea,21-193,2004,8,2,233,2.6,0,0,0,0,0,0,2,0,0.7,0.7,0.1,0.8,4,13,10,0.00,0.00,0.00,0.00,0.00,0.27,0.03,0.30,0.27,0.30,Matches
362,Ismaila Sarr,sn SEN,"MF,FW",Crystal Palace,27-260,1998,9,9,791,8.8,3,1,4,3,0,0,1,0,3.7,3.7,0.6,4.4,24,28,42,0.34,0.11,0.46,0.34,0.46,0.42,0.07,0.50,0.42,0.50,Matches
363,Sávio,br BRA,"MF,FW",Manchester City,21-216,2004,8,4,392,4.4,0,1,1,0,0,0,1,0,0.2,0.2,0.4,0.7,30,9,34,0.00,0.23,0.23,0.00,0.23,0.06,0.10,0.16,0.06,0.16,Matches
364,Nicolò Savona,it ITA,"DF,MF",Nott'ham Forest,22-238,2003,6,4,431,4.8,1,0,1,1,0,0,0,0,0.8,0.8,0.1,0.9,6,15,25,0.21,0.00,0.21,0.21,0.21,0.16,0.03,0.19,0.16,0.19,Matches
365,Oliver Scarles,eng ENG,"DF,MF",West Ham,19-335,2005,2,2,69,0.8,0,0,0,0,0,0,0,0,0.0,0.0,0.0,0.0,0,2,2,0.00,0.00,0.00,0.00,0.00,0.00,0.00,0.00,0.00,0.00,Matches
366,Kevin Schade,de GER,FW,Brentford,23-350,2001,11,10,920,10.2,3,1,4,3,0,1,4,0,3.1,2.3,1.1,3.4,20,10,33,0.29,0.10,0.39,0.29,0.39,0.30,0.11,0.41,0.23,0.34,Matches
367,Fabian Schär,ch SUI,DF,Newcastle Utd,33-327,1991,6,4,425,4.7,0,0,0,0,0,0,0,0,0.1,0.1,0.1,0.2,5,24,1,0.00,0.00,0.00,0.00,0.00,0.02,0.02,0.05,0.02,0.05,Matches
368,Alex Scott,eng ENG,MF,Bournemouth,22-083,2003,11,10,728,8.1,1,0,1,1,0,0,1,0,0.6,0.6,0.5,1.1,15,22,17,0.12,0.00,0.12,0.12,0.12,0.07,0.06,0.13,0.07,0.13,Matches
369,Jenson Seelt,nl NED,DF,Sunderland,22-173,2003,2,1,134,1.5,0,0,0,0,0,0,0,0,0.0,0.0,0.0,0.0,2,14,0,0.00,0.00,0.00,0.00,0.00,0.00,0.00,0.00,0.00,0.00,Matches
370,Matz Sels,be BEL,GK,Nott'ham Forest,33-259,1992,11,11,990,11.0,0,0,0,0,0,0,1,0,0.0,0.0,0.0,0.0,0,0,0,0.00,0.00,0.00,0.00,0.00,0.00,0.00,0.00,0.00,0.00,Matches
371,Antoine Semenyo,gh GHA,"FW,MF",Bournemouth,25-309,2000,11,11,989,11.0,6,3,9,5,1,2,2,0,4.6,3.0,0.5,3.5,35,39,62,0.55,0.27,0.82,0.46,0.73,0.42,0.05,0.46,0.28,0.32,Matches
372,Marcos Senesi,ar ARG,DF,Bournemouth,28-186,1997,11,11,977,10.9,0,2,2,0,0,0,3,0,0.2,0.2,0.3,0.5,5,55,3,0.00,0.18,0.18,0.00,0.18,0.02,0.03,0.05,0.02,0.05,Matches
373,Benjamin Šeško,si SVN,FW,Manchester Utd,22-165,2003,11,6,621,6.9,2,1,3,2,0,0,1,0,2.1,2.1,0.3,2.4,4,10,25,0.29,0.14,0.43,0.29,0.43,0.30,0.05,0.35,0.30,0.35,Matches
374,Ryan Sessegnon,eng ENG,DF,Fulham,25-178,2000,10,10,836,9.3,2,0,2,2,0,0,0,0,0.7,0.7,0.8,1.5,21,31,44,0.22,0.00,0.22,0.22,0.22,0.07,0.09,0.16,0.07,0.16,Matches
375,Luke Shaw,eng ENG,DF,Manchester Utd,30-123,1995,11,11,933,10.4,0,1,1,0,0,0,0,0,0.1,0.1,0.1,0.2,10,41,8,0.00,0.10,0.10,0.00,0.10,0.01,0.01,0.02,0.01,0.02,Matches
Rk,Player,Nation,Pos,Squad,Age,Born,MP,Starts,Min,90s,Gls,Ast,G+A,G-PK,PK,PKatt,CrdY,CrdR,xG,npxG,xAG,npxG+xAG,PrgC,PrgP,PrgR,Gls,Ast,G+A,G-PK,G+A-PK,xG,xAG,xG+xAG,npxG,npxG+xAG,Matches
376,Bernardo Silva,pt POR,MF,Manchester City,31-094,1994,11,7,644,7.2,0,2,2,0,0,0,2,0,0.1,0.1,1.9,2.0,10,26,29,0.00,0.28,0.28,0.00,0.28,0.01,0.27,0.28,0.01,0.28,Matches
377,Jota Silva,pt POR,FW,Nott'ham Forest,26-103,1999,1,0,12,0.1,0,0,0,0,0,0,0,0,0.0,0.0,0.0,0.0,0,0,1,0.00,0.00,0.00,0.00,0.00,0.00,0.00,0.00,0.00,0.00,Matches
378,Xavi Simons,nl NED,"MF,FW",Tottenham,22-205,2003,8,6,532,5.9,0,1,1,0,0,0,2,0,0.3,0.3,0.6,0.9,23,39,26,0.00,0.17,0.17,0.00,0.17,0.06,0.10,0.16,0.06,0.16,Matches
379,Adam Smith,eng ENG,DF,Bournemouth,34-197,1991,4,4,213,2.4,0,0,0,0,0,0,0,0,0.0,0.0,0.3,0.3,1,6,2,0.00,0.00,0.00,0.00,0.00,0.00,0.12,0.12,0.00,0.12,Matches
380,Emile Smith Rowe,eng ENG,"MF,FW",Fulham,25-107,2000,11,1,226,2.5,1,0,1,1,0,0,0,0,1.0,1.0,0.1,1.1,5,13,12,0.40,0.00,0.40,0.40,0.40,0.40,0.04,0.44,0.40,0.44,Matches
381,Dominic Solanke,eng ENG,FW,Tottenham,28-059,1997,2,0,33,0.4,0,0,0,0,0,0,0,0,0.2,0.2,0.0,0.2,0,0,2,0.00,0.00,0.00,0.00,0.00,0.57,0.00,0.57,0.57,0.57,Matches
382,Julio Soler,ar ARG,FW,Bournemouth,20-269,2005,1,0,1,0.0,0,0,0,0,0,0,0,0,0.0,0.0,0.0,0.0,0,0,0,0.00,0.00,0.00,0.00,0.00,0.00,0.00,0.00,0.00,0.00,Matches
383,Oliver Sonne,pe PER,"DF,FW",Burnley,25-002,2000,3,1,104,1.2,0,0,0,0,0,0,0,0,0.0,0.0,0.0,0.1,0,4,3,0.00,0.00,0.00,0.00,0.00,0.03,0.03,0.06,0.03,0.06,Matches
384,Borna Sosa,hr CRO,DF,Crystal Palace,27-295,1998,1,0,1,0.0,0,0,0,0,0,0,0,0,0.0,0.0,0.0,0.0,0,0,0,0.00,0.00,0.00,0.00,0.00,0.00,0.00,0.00,0.00,0.00,Matches
385,Tomáš Souček,cz CZE,"MF,FW",West Ham,30-258,1995,8,5,425,4.7,2,0,2,2,0,0,0,1,2.3,2.3,0.0,2.3,1,11,8,0.42,0.00,0.42,0.42,0.42,0.48,0.01,0.49,0.48,0.49,Matches
386,Djed Spence,eng ENG,DF,Tottenham,25-095,2000,10,9,758,8.4,0,0,0,0,0,0,2,0,0.2,0.2,0.1,0.2,30,34,38,0.00,0.00,0.00,0.00,0.00,0.02,0.01,0.03,0.02,0.03,Matches
387,Anton Stach,de GER,MF,Leeds United,26-362,1998,10,9,799,8.9,1,1,2,1,0,0,1,0,0.9,0.9,1.1,2.0,14,45,23,0.11,0.11,0.23,0.11,0.23,0.10,0.12,0.22,0.10,0.22,Matches
388,John Stones,eng ENG,DF,Manchester City,31-168,1994,5,4,325,3.6,0,0,0,0,0,0,0,0,0.0,0.0,0.1,0.1,3,15,4,0.00,0.00,0.00,0.00,0.00,0.00,0.02,0.02,0.00,0.02,Matches
389,Jørgen Strand Larsen,no NOR,FW,Wolves,25-279,2000,9,8,707,7.9,1,0,1,0,1,1,0,0,1.6,0.8,0.4,1.2,4,6,29,0.13,0.00,0.13,0.00,0.00,0.20,0.05,0.25,0.10,0.15,Matches
390,Pascal Struijk,nl NED,DF,Leeds United,26-093,1999,9,8,729,8.1,0,0,0,0,0,0,1,0,0.8,0.8,0.1,0.8,2,26,3,0.00,0.00,0.00,0.00,0.00,0.10,0.01,0.10,0.10,0.10,Matches
391,Crysencio Summerville,nl NED,"FW,MF",West Ham,24-013,2001,9,8,640,7.1,0,1,1,0,0,0,3,0,1.0,1.0,0.3,1.2,16,20,43,0.00,0.14,0.14,0.00,0.14,0.13,0.04,0.17,0.13,0.17,Matches
392,Dominik Szoboszlai,hu HUN,"MF,DF",Liverpool,25-018,2000,11,11,990,11.0,1,1,2,1,0,0,4,0,1.4,1.4,1.5,2.8,32,86,51,0.09,0.09,0.18,0.09,0.18,0.12,0.13,0.26,0.12,0.26,Matches
393,Chemsdine Talbi,ma MAR,"FW,MF",Sunderland,20-187,2005,11,6,591,6.6,1,1,2,1,0,0,0,0,1.0,1.0,0.3,1.3,11,5,37,0.15,0.15,0.30,0.15,0.30,0.15,0.04,0.19,0.15,0.19,Matches
394,Ao Tanaka,jp JPN,MF,Leeds United,27-063,1998,8,4,323,3.6,0,0,0,0,0,0,0,0,0.2,0.2,0.2,0.4,2,21,4,0.00,0.00,0.00,0.00,0.00,0.05,0.06,0.10,0.05,0.10,Matches
395,James Tarkowski,eng ENG,DF,Everton,32-358,1992,11,11,990,11.0,0,0,0,0,0,0,2,0,0.6,0.6,0.4,1.0,6,33,4,0.00,0.00,0.00,0.00,0.00,0.05,0.04,0.09,0.05,0.09,Matches
396,Marcus Tavernier,eng ENG,"MF,FW",Bournemouth,26-235,1999,11,10,856,9.5,2,1,3,2,0,0,0,0,1.3,1.3,1.6,2.9,27,40,59,0.21,0.11,0.32,0.21,0.32,0.14,0.17,0.31,0.14,0.31,Matches
397,Loum Tchaouna,fr FRA,"MF,FW",Burnley,22-065,2003,10,5,440,4.9,1,0,1,1,0,0,1,0,0.4,0.4,0.1,0.5,6,12,18,0.20,0.00,0.20,0.20,0.20,0.08,0.02,0.10,0.08,0.10,Matches
398,Jackson Tchatchoua,cm CMR,"DF,MF",Wolves,24-059,2001,10,4,522,5.8,0,0,0,0,0,0,0,0,0.3,0.3,0.2,0.4,11,7,36,0.00,0.00,0.00,0.00,0.00,0.04,0.03,0.07,0.04,0.07,Matches
399,Mathys Tel,fr FRA,FW,Tottenham,20-199,2005,8,3,251,2.8,2,0,2,2,0,0,0,0,0.5,0.5,0.0,0.5,4,3,14,0.72,0.00,0.72,0.72,0.72,0.18,0.00,0.18,0.18,0.18,Matches
400,Kenny Tete,nl NED,DF,Fulham,30-034,1995,8,8,719,8.0,0,0,0,0,0,0,1,0,0.2,0.2,0.2,0.4,9,36,11,0.00,0.00,0.00,0.00,0.00,0.02,0.03,0.05,0.02,0.05,Matches
Rk,Player,Nation,Pos,Squad,Age,Born,MP,Starts,Min,90s,Gls,Ast,G+A,G-PK,PK,PKatt,CrdY,CrdR,xG,npxG,xAG,npxG+xAG,PrgC,PrgP,PrgR,Gls,Ast,G+A,G-PK,G+A-PK,xG,xAG,xG+xAG,npxG,npxG+xAG,Matches
401,Thiago,br BRA,FW,Brentford,24-139,2001,11,11,922,10.2,8,0,8,5,3,3,3,0,5.6,3.3,1.1,4.4,5,10,30,0.78,0.00,0.78,0.49,0.49,0.55,0.11,0.66,0.32,0.43,Matches
402,Malick Thiaw,de GER,DF,Newcastle Utd,24-096,2001,8,7,633,7.0,0,0,0,0,0,0,1,0,0.7,0.7,0.3,1.0,10,38,11,0.00,0.00,0.00,0.00,0.00,0.10,0.04,0.14,0.10,0.14,Matches
403,Youri Tielemans,be BEL,MF,Aston Villa,28-189,1997,5,4,335,3.7,0,1,1,0,0,0,0,0,0.2,0.2,0.2,0.4,8,23,10,0.00,0.27,0.27,0.00,0.27,0.04,0.06,0.11,0.04,0.11,Matches
404,Jurriën Timber,nl NED,DF,Arsenal,24-148,2001,11,10,882,9.8,2,1,3,2,0,0,2,0,2.0,2.0,0.6,2.5,16,59,47,0.20,0.10,0.31,0.20,0.31,0.20,0.06,0.26,0.20,0.26,Matches
405,Jean-Clair Todibo,fr FRA,DF,West Ham,25-317,1999,6,6,486,5.4,0,0,0,0,0,0,1,0,0.0,0.0,0.0,0.0,5,19,1,0.00,0.00,0.00,0.00,0.00,0.00,0.01,0.01,0.00,0.01,Matches
406,Sandro Tonali,it ITA,MF,Newcastle Utd,25-188,2000,11,10,870,9.7,0,1,1,0,0,0,0,0,0.4,0.4,1.6,2.1,19,76,22,0.00,0.10,0.10,0.00,0.10,0.05,0.17,0.22,0.05,0.22,Matches
407,Pau Torres,es ESP,DF,Aston Villa,28-300,1997,8,6,599,6.7,0,0,0,0,0,0,0,0,0.1,0.1,0.0,0.1,7,25,3,0.00,0.00,0.00,0.00,0.00,0.02,0.00,0.02,0.02,0.02,Matches
408,James Trafford,eng ENG,GK,Manchester City,23-033,2002,3,3,270,3.0,0,0,0,0,0,0,0,0,0.0,0.0,0.0,0.0,0,0,0,0.00,0.00,0.00,0.00,0.00,0.00,0.00,0.00,0.00,0.00,Matches
409,Adama Traoré,es ESP,FW,Fulham,29-291,1996,9,1,250,2.8,0,0,0,0,0,0,0,0,0.2,0.2,0.5,0.6,14,4,26,0.00,0.00,0.00,0.00,0.00,0.07,0.17,0.23,0.07,0.23,Matches
410,Bertrand Traoré,bf BFA,"FW,MF",Sunderland,30-067,1995,6,5,359,4.0,0,0,0,0,0,0,1,0,0.5,0.5,0.8,1.2,3,6,31,0.00,0.00,0.00,0.00,0.00,0.12,0.19,0.31,0.12,0.31,Matches
411,Kieran Trippier,eng ENG,DF,Newcastle Utd,35-054,1990,9,8,699,7.8,0,0,0,0,0,0,1,0,0.0,0.0,0.8,0.8,11,75,40,0.00,0.00,0.00,0.00,0.00,0.00,0.10,0.10,0.00,0.10,Matches
412,Leandro Trossard,be BEL,FW,Arsenal,30-343,1994,9,7,643,7.1,2,2,4,2,0,0,0,0,1.8,1.8,0.8,2.6,20,24,71,0.28,0.28,0.56,0.28,0.56,0.25,0.11,0.36,0.25,0.36,Matches
413,Adrien Truffert,fr FRA,DF,Bournemouth,23-357,2001,11,11,962,10.7,0,1,1,0,0,0,2,0,0.2,0.2,0.7,0.9,23,48,58,0.00,0.09,0.09,0.00,0.09,0.02,0.07,0.08,0.02,0.08,Matches
414,Axel Tuanzebe,cd COD,DF,Burnley,27-363,1997,5,5,450,5.0,0,0,0,0,0,0,0,0,0.0,0.0,0.0,0.0,0,8,1,0.00,0.00,0.00,0.00,0.00,0.00,0.00,0.00,0.00,0.00,Matches
415,Stefanos Tzimas,gr GRE,"MF,FW",Brighton,19-310,2006,7,0,90,1.0,0,1,1,0,0,0,0,0,0.4,0.4,0.5,0.8,1,1,7,0.00,1.00,1.00,0.00,1.00,0.37,0.46,0.83,0.37,0.83,Matches
416,Christantus Uche,ng NGA,MF,Crystal Palace,22-177,2003,3,0,11,0.1,0,0,0,0,0,0,0,0,0.0,0.0,0.0,0.0,1,0,3,0.00,0.00,0.00,0.00,0.00,0.08,0.00,0.08,0.08,0.08,Matches
417,Destiny Udogie,it ITA,DF,Tottenham,22-349,2002,7,3,345,3.8,0,1,1,0,0,0,0,0,0.0,0.0,0.3,0.4,15,23,34,0.00,0.26,0.26,0.00,0.26,0.01,0.09,0.10,0.01,0.10,Matches
418,Manuel Ugarte,uy URU,MF,Manchester Utd,24-215,2001,9,2,304,3.4,0,0,0,0,0,0,0,0,0.0,0.0,0.0,0.1,4,20,3,0.00,0.00,0.00,0.00,0.00,0.01,0.01,0.02,0.01,0.02,Matches
419,Lesley Ugochukwu,fr FRA,MF,Burnley,21-231,2004,10,7,590,6.6,2,0,2,2,0,0,2,1,0.9,0.9,0.0,1.0,8,14,15,0.31,0.00,0.31,0.31,0.31,0.14,0.00,0.15,0.14,0.15,Matches
420,Enes Ünal,tr TUR,FW,Bournemouth,28-186,1997,1,0,1,0.0,0,0,0,0,0,0,0,0,0.0,0.0,0.0,0.0,0,0,0,0.00,0.00,0.00,0.00,0.00,0.00,0.00,0.00,0.00,0.00,Matches
421,Virgil van Dijk,nl NED,DF,Liverpool,34-127,1991,11,11,990,11.0,0,0,0,0,0,0,2,0,0.4,0.4,0.1,0.5,13,65,8,0.00,0.00,0.00,0.00,0.00,0.04,0.01,0.04,0.04,0.04,Matches
422,Joël Veltman,nl NED,DF,Brighton,33-301,1992,5,4,340,3.8,0,0,0,0,0,0,3,0,0.0,0.0,0.0,0.0,6,15,4,0.00,0.00,0.00,0.00,0.00,0.00,0.01,0.01,0.00,0.01,Matches
423,Micky van de Ven,nl NED,DF,Tottenham,24-207,2001,11,11,979,10.9,3,0,3,3,0,0,2,0,1.6,1.6,0.1,1.7,5,32,2,0.28,0.00,0.28,0.28,0.28,0.14,0.01,0.15,0.14,0.15,Matches
424,Bart Verbruggen,nl NED,GK,Brighton,23-086,2002,11,11,990,11.0,0,0,0,0,0,0,0,0,0.0,0.0,0.1,0.1,0,0,0,0.00,0.00,0.00,0.00,0.00,0.00,0.01,0.01,0.00,0.01,Matches
425,Guglielmo Vicario,it ITA,GK,Tottenham,29-036,1996,11,11,990,11.0,0,0,0,0,0,0,0,0,0.0,0.0,0.0,0.0,0,0,0,0.00,0.00,0.00,0.00,0.00,0.00,0.00,0.00,0.00,0.00,Matches
Rk,Player,Nation,Pos,Squad,Age,Born,MP,Starts,Min,90s,Gls,Ast,G+A,G-PK,PK,PKatt,CrdY,CrdR,xG,npxG,xAG,npxG+xAG,PrgC,PrgP,PrgR,Gls,Ast,G+A,G-PK,G+A-PK,xG,xAG,xG+xAG,npxG,npxG+xAG,Matches
426,Kyle Walker,eng ENG,DF,Burnley,35-168,1990,11,11,990,11.0,0,1,1,0,0,0,3,0,0.1,0.1,0.4,0.6,15,26,16,0.00,0.09,0.09,0.00,0.09,0.01,0.04,0.05,0.01,0.05,Matches
427,Kyle Walker-Peters,eng ENG,DF,West Ham,28-213,1997,10,5,470,5.2,1,0,1,1,0,0,1,0,1.1,1.1,0.1,1.2,13,16,21,0.19,0.00,0.19,0.19,0.19,0.22,0.02,0.23,0.22,0.23,Matches
428,Aaron Wan-Bissaka,cd COD,DF,West Ham,27-351,1997,7,6,561,6.2,0,0,0,0,0,0,0,0,0.0,0.0,0.2,0.2,12,19,34,0.00,0.00,0.00,0.00,0.00,0.00,0.03,0.03,0.00,0.03,Matches
429,James Ward-Prowse,eng ENG,MF,West Ham,31-011,1994,5,5,413,4.6,0,0,0,0,0,0,0,0,0.1,0.1,0.9,1.0,1,20,8,0.00,0.00,0.00,0.00,0.00,0.03,0.20,0.23,0.03,0.23,Matches
430,Ollie Watkins,eng ENG,FW,Aston Villa,29-317,1995,11,10,866,9.6,1,0,1,1,0,0,0,0,2.3,2.3,0.5,2.8,17,13,61,0.10,0.00,0.10,0.10,0.10,0.24,0.05,0.29,0.24,0.29,Matches
431,Tom Watson,eng ENG,FW,Brighton,19-218,2006,2,0,42,0.5,0,0,0,0,0,0,0,0,0.0,0.0,0.0,0.0,2,1,3,0.00,0.00,0.00,0.00,0.00,0.08,0.00,0.08,0.08,0.08,Matches
432,Danny Welbeck,eng ENG,FW,Brighton,34-351,1990,11,8,712,7.9,6,0,6,6,0,1,2,0,4.2,3.4,0.3,3.7,5,8,24,0.76,0.00,0.76,0.76,0.76,0.53,0.04,0.56,0.43,0.46,Matches
433,Adam Wharton,eng ENG,MF,Crystal Palace,21-279,2004,9,9,695,7.7,0,0,0,0,0,0,1,0,0.3,0.3,2.2,2.4,9,39,8,0.00,0.00,0.00,0.00,0.00,0.03,0.28,0.32,0.03,0.32,Matches
434,Ben White,eng ENG,DF,Arsenal,28-035,1997,1,1,70,0.8,0,0,0,0,0,0,0,0,0.0,0.0,0.0,0.1,1,4,0,0.00,0.00,0.00,0.00,0.00,0.02,0.06,0.07,0.02,0.07,Matches
435,Mats Wieffer,nl NED,DF,Brighton,25-361,1999,9,7,641,7.1,0,2,2,0,0,0,3,0,0.2,0.2,1.7,1.8,14,42,23,0.00,0.28,0.28,0.00,0.28,0.02,0.23,0.25,0.02,0.25,Matches
436,Neco Williams,wls WAL,DF,Nott'ham Forest,24-213,2001,11,11,990,11.0,1,0,1,1,0,0,4,0,0.8,0.8,0.6,1.4,25,49,55,0.09,0.00,0.09,0.09,0.09,0.07,0.06,0.13,0.07,0.13,Matches
437,Estêvão Willian,br BRA,FW,Chelsea,18-202,2007,10,4,343,3.8,1,1,2,1,0,0,2,0,1.7,1.7,1.8,3.5,15,7,37,0.26,0.26,0.52,0.26,0.52,0.46,0.46,0.92,0.46,0.92,Matches
438,Joe Willock,eng ENG,MF,Newcastle Utd,26-084,1999,3,1,101,1.1,0,0,0,0,0,0,0,0,0.1,0.1,0.0,0.1,3,2,4,0.00,0.00,0.00,0.00,0.00,0.08,0.00,0.08,0.08,0.08,Matches
439,Callum Wilson,eng ENG,FW,West Ham,33-258,1992,8,3,369,4.1,2,0,2,2,0,0,0,0,2.1,2.1,0.1,2.2,4,3,17,0.49,0.00,0.49,0.49,0.49,0.52,0.02,0.54,0.52,0.54,Matches
440,Harry Wilson,wls WAL,"FW,MF",Fulham,28-235,1997,10,8,654,7.3,2,0,2,2,0,0,1,0,1.1,1.1,0.3,1.4,8,14,50,0.28,0.00,0.28,0.28,0.28,0.15,0.04,0.19,0.15,0.19,Matches
441,Ben Winterburn,eng ENG,MF,Bournemouth,21-069,2004,1,0,7,0.1,0,0,0,0,0,0,0,0,0.0,0.0,0.0,0.0,0,0,0,0.00,0.00,0.00,0.00,0.00,0.00,0.00,0.00,0.00,0.00,Matches
442,Florian Wirtz,de GER,"MF,FW",Liverpool,22-193,2003,11,7,689,7.7,0,0,0,0,0,0,1,0,1.3,1.3,1.1,2.4,21,48,53,0.00,0.00,0.00,0.00,0.00,0.17,0.15,0.32,0.17,0.32,Matches
443,Nick Woltemade,de GER,FW,Newcastle Utd,23-271,2002,8,8,612,6.8,4,0,4,3,1,1,0,0,3.0,2.2,0.3,2.5,4,10,26,0.59,0.00,0.59,0.44,0.44,0.44,0.04,0.48,0.33,0.36,Matches
444,Chris Wood,nz NZL,FW,Nott'ham Forest,33-340,1991,8,7,540,6.0,2,0,2,2,0,0,0,0,2.7,2.7,0.2,2.9,0,7,16,0.33,0.00,0.33,0.33,0.33,0.45,0.03,0.48,0.45,0.48,Matches
445,Joe Worrall,eng ENG,DF,Burnley,28-306,1997,4,0,22,0.2,0,0,0,0,0,0,0,0,0.0,0.0,0.0,0.0,0,1,1,0.00,0.00,0.00,0.00,0.00,0.00,0.00,0.00,0.00,0.00,Matches
446,Granit Xhaka,ch SUI,MF,Sunderland,33-046,1992,11,11,990,11.0,1,3,4,1,0,0,4,0,0.4,0.4,1.5,1.9,7,62,10,0.09,0.27,0.36,0.09,0.36,0.03,0.14,0.17,0.03,0.17,Matches
447,Yehor Yarmoliuk,ua UKR,MF,Brentford,21-256,2004,11,11,869,9.7,0,1,1,0,0,0,1,0,0.3,0.3,0.3,0.6,11,32,10,0.00,0.10,0.10,0.00,0.10,0.03,0.04,0.07,0.03,0.07,Matches
448,Ryan Yates,eng ENG,MF,Nott'ham Forest,27-356,1997,7,1,245,2.7,0,1,1,0,0,0,1,0,0.0,0.0,0.1,0.2,1,12,1,0.00,0.37,0.37,0.00,0.37,0.01,0.05,0.06,0.01,0.06,Matches
449,Leny Yoro,fr FRA,DF,Manchester Utd,19-364,2005,11,7,642,7.1,0,0,0,0,0,0,0,0,0.3,0.3,0.0,0.3,6,27,3,0.00,0.00,0.00,0.00,0.00,0.04,0.00,0.04,0.04,0.04,Matches
450,Oleksandr Zinchenko,ua UKR,DF,Nott'ham Forest,28-332,1996,3,3,253,2.8,0,0,0,0,0,0,0,0,0.0,0.0,0.5,0.5,6,22,7,0.00,0.00,0.00,0.00,0.00,0.02,0.16,0.18,0.02,0.18,Matches
Rk,Player,Nation,Pos,Squad,Age,Born,MP,Starts,Min,90s,Gls,Ast,G+A,G-PK,PK,PKatt,CrdY,CrdR,xG,npxG,xAG,npxG+xAG,PrgC,PrgP,PrgR,Gls,Ast,G+A,G-PK,G+A-PK,xG,xAG,xG+xAG,npxG,npxG+xAG,Matches
451,Joshua Zirkzee,nl NED,"FW,MF",Manchester Utd,24-174,2001,4,0,86,1.0,0,0,0,0,0,0,0,0,0.8,0.8,0.0,0.8,0,4,5,0.00,0.00,0.00,0.00,0.00,0.81,0.05,0.86,0.81,0.86,Matches
452,Martín Zubimendi,es ESP,MF,Arsenal,26-283,1999,11,10,937,10.4,2,1,3,2,0,0,2,0,0.5,0.5,0.8,1.4,11,65,10,0.19,0.10,0.29,0.19,0.29,0.05,0.08,0.13,0.05,0.13,Matches
453,Martin Ødegaard,no NOR,MF,Arsenal,26-330,1998,6,4,203,2.3,0,1,1,0,0,0,0,0,0.1,0.1,0.5,0.6,10,26,5,0.00,0.44,0.44,0.00,0.44,0.06,0.20,0.27,0.06,0.27,Matches
