ranker,player,nationality,position,team,comp_level,age,birth_year,minutes_90s,gk_goals_against,gk_pens_allowed,gk_free_kick_goals_against,gk_corner_kick_goals_against,gk_own_goals_against,gk_psxg,gk_psnpxg_per_shot_on_target_against,gk_psxg_net,gk_psxg_net_per90,gk_passes_completed_launched,gk_passes_launched,gk_passes_pct_launched,gk_passes,gk_passes_throws,gk_pct_passes_launched,gk_passes_length_avg,gk_goal_kicks,gk_pct_goal_kicks_launched,gk_goal_kick_length_avg,gk_crosses,gk_crosses_stopped,gk_crosses_stopped_pct,gk_def_actions_outside_pen_area,gk_def_actions_outside_pen_area_per90,gk_avg_distance_def_actions,matches,player_id
1,Adrián,es ESP,GK,Betis,es La Liga,37,1987,19.0,27,1,2,5,0,26.0,0.33,-1.0,-0.05,58,178,32.6,507,91,28.0,31.2,109,33.0,33.8,257,14,5.4,16,0.84,11.7,Matches,34
2,Julen Agirrezabala,es ESP,GK,Athletic Club,es La Liga,23,2000,13.4,9,1,2,1,0,10.5,0.27,+1.5,+0.11,57,178,32.0,341,51,37.5,33.9,66,75.8,54.9,143,20,14.0,17,1.27,14.2,Matches,43
3,Ben Alexander Voll,de GER,GK,St. Pauli,de Bundesliga,23,2000,1.0,2,0,0,0,0,2.4,0.48,+0.4,+0.41,7,28,25.0,37,5,59.5,44.7,13,46.2,39.7,15,0,0.0,0,0.00,,Matches,83
4,Alisson,br BRA,GK,Liverpool,eng Premier League,31,1992,27.9,29,1,0,2,2,30.5,0.30,+3.5,+0.13,68,203,33.5,877,128,19.7,26.6,80,37.5,33.4,255,11,4.3,49,1.76,16.0,Matches,88
5,Alphonse Areola,fr FRA,GK,West Ham,eng Premier League,31,1993,25.1,41,0,0,5,3,35.4,0.31,-2.6,-0.10,135,384,35.2,788,119,34.4,32.1,196,57.7,42.9,394,15,3.8,30,1.19,15.0,Matches,148
6,Kepa Arrizabalaga,es ESP,GK,Bournemouth,eng Premier League,29,1994,31.0,39,4,0,4,0,41.0,0.28,+2.0,+0.07,132,365,36.2,831,122,33.2,32.9,192,46.4,38.7,367,22,6.0,54,1.74,16.0,Matches,161
7,Noah Atubolu,de GER,GK,Freiburg,de Bundesliga,22,2002,25.6,37,0,1,3,0,37.0,0.30,0.0,0.00,159,414,38.4,1012,110,32.4,33.1,126,68.3,51.5,377,34,9.0,28,1.09,12.7,Matches,174
8,Emil Audero,id IDN,GK,Como,it Serie A,27,1997,8.0,18,4,0,2,0,12.4,0.27,-5.6,-0.70,17,55,30.9,232,30,22.0,28.6,21,19.0,27.5,95,5,5.3,8,1.00,12.9,Matches,175
9,Brandon Austin,eng ENG,GK,Tottenham,eng Premier League,25,1999,1.0,2,0,0,0,0,2.2,0.55,+0.2,+0.20,3,11,27.3,26,5,38.5,32.3,6,16.7,29.0,15,5,33.3,2,2.00,12.4,Matches,179
10,Augusto Batalla,ar ARG,GK,Rayo Vallecano,es La Liga,28,1996,32.0,39,6,0,6,1,40.0,0.25,+2.0,+0.06,177,534,33.1,989,129,42.3,38.2,184,63.0,51.1,453,35,7.7,38,1.19,14.4,Matches,258
11,Oliver Baumann,de GER,GK,Hoffenheim,de Bundesliga,34,1990,28.0,53,2,1,7,2,52.1,0.36,+1.1,+0.04,178,478,37.2,923,121,41.6,36.5,136,69.1,50.8,407,18,4.4,31,1.11,14.5,Matches,262
12,Altay Bayındır,tr TUR,GK,Manchester Utd,eng Premier League,26,1998,4.0,10,0,0,0,1,10.1,0.59,+1.1,+0.27,13,62,21.0,128,12,34.4,34.1,24,75.0,53.8,56,4,7.1,7,1.75,12.0,Matches,265
13,Daniel Bentley,eng ENG,GK,Wolves,eng Premier League,31,1993,2.0,4,0,1,0,0,3.9,0.33,-0.1,-0.04,7,21,33.3,52,6,25.0,28.1,13,61.5,46.4,25,0,0.0,3,1.50,16.4,Matches,303
14,Dimitry Bertaud,cd COD,GK,Montpellier,fr Ligue 1,26,1998,4.0,11,2,0,0,0,8.8,0.35,-2.2,-0.54,20,47,42.6,86,19,38.4,34.5,27,51.9,43.6,55,8,14.5,3,0.75,13.3,Matches,323
15,Marco Bizot,nl NED,GK,Brest,fr Ligue 1,33,1991,32.0,54,8,1,4,1,46.2,0.31,-6.8,-0.21,218,522,41.8,902,134,42.0,36.0,216,66.2,49.2,459,33,7.2,53,1.66,16.2,Matches,341
16,Jean Butez,fr FRA,GK,Como,it Serie A,29,1995,18.5,20,2,0,1,0,20.1,0.27,+0.1,0.00,90,235,38.3,709,92,30.2,32.0,43,48.8,42.7,190,22,11.6,51,2.76,18.2,Matches,423
17,Marcin Bułka,pl POL,GK,Nice,fr Ligue 1,24,1999,34.0,41,2,0,4,1,43.0,0.26,+3.0,+0.09,112,272,41.2,948,173,22.8,28.6,162,34.6,32.3,470,39,8.3,33,0.97,12.8,Matches,425
18,Elia Caprile,it ITA,GK,Cagliari,it Serie A,22,2001,18.0,22,1,0,4,0,23.5,0.35,+1.5,+0.08,132,332,39.8,546,93,44.1,36.8,159,57.2,45.2,266,18,6.8,23,1.28,15.6,Matches,469
19,Elia Caprile,it ITA,GK,Napoli,it Serie A,22,2001,3.6,1,0,0,0,0,2.2,0.27,+1.2,+0.32,11,25,44.0,82,9,25.6,31.7,15,26.7,30.7,31,3,9.7,3,0.83,13.7,Matches,470
20,Dani Cárdenas,es ESP,GK,Rayo Vallecano,es La Liga,27,1997,6.0,6,0,0,0,0,5.6,0.29,-0.4,-0.06,26,106,24.5,132,21,56.8,44.3,46,67.4,51.9,79,2,2.5,1,0.17,10.2,Matches,479
21,Tiago Cardoso,lu LUX,GK,Gladbach,de Bundesliga,18,2006,4.2,3,0,0,0,0,4.7,0.20,+1.7,+0.39,23,62,37.1,148,22,27.0,29.2,31,71.0,48.9,96,14,14.6,1,0.24,5.6,Matches,485
22,Patrik Carlgren,se SWE,GK,Nantes,fr Ligue 1,32,1992,4.6,7,0,0,1,0,8.5,0.30,+1.5,+0.31,22,63,34.9,99,27,36.4,34.4,37,73.0,48.6,80,1,1.3,1,0.22,10.9,Matches,486
23,Marco Carnesecchi,it ITA,GK,Atalanta,it Serie A,24,2000,34.0,34,2,0,4,2,36.1,0.28,+4.1,+0.12,121,374,32.4,878,177,28.2,32.3,201,62.7,48.2,319,21,6.6,45,1.32,14.5,Matches,490
24,Lucas Chevalier,fr FRA,GK,Lille,fr Ligue 1,22,2001,34.0,36,4,0,6,1,42.2,0.32,+7.2,+0.21,112,288,38.9,968,144,25.7,29.6,112,34.8,35.7,373,21,5.6,24,0.71,13.9,Matches,543
25,Leandro Chichizola,ar ARG,GK,Parma,it Serie A,34,1990,1.0,3,0,0,0,0,2.5,0.43,-0.5,-0.54,3,16,18.8,41,5,31.7,33.9,8,37.5,34.4,21,2,9.5,2,2.00,16.3,Matches,546
Rk,Player,Nation,Pos,Squad,Comp,Age,Born,90s,GA,PKA,FK,CK,OG,PSxG,PSxG/SoT,PSxG+/-,/90,Cmp,Att,Cmp%,Att (GK),Thr,Launch%,AvgLen,Att,Launch%,AvgLen,Opp,Stp,Stp%,#OPA,#OPA/90,AvgDist,Matches,26
26,Jasper Cillessen,nl NED,GK,Las Palmas,es La Liga,35,1989,25.9,42,4,0,4,2,44.3,0.30,+4.3,+0.16,124,409,30.3,820,142,39.5,34.5,179,47.5,43.1,413,13,3.1,20,0.77,14.5,Matches,559
27,Giuseppe Ciocci,it ITA,GK,Cagliari,it Serie A,22,2002,0.1,0,0,0,0,0,0.0,,0.0,0.00,0,0,,1,0,0.0,6.0,0,,,0,0,,1,10.00,21.0,Matches,560
28,Diego Conde,es ESP,GK,Villarreal,es La Liga,25,1998,21.8,33,3,1,6,1,26.3,0.26,-5.7,-0.26,61,161,37.9,532,111,22.7,28.2,107,37.4,36.3,323,18,5.6,16,0.73,11.9,Matches,590
29,Grégoire Coudert,fr FRA,GK,Brest,fr Ligue 1,25,1999,2.0,5,0,0,1,1,2.8,0.22,-1.2,-0.60,6,20,30.0,60,7,28.3,31.4,8,37.5,36.5,30,1,3.3,3,1.50,18.5,Matches,613
30,Thibaut Courtois,be BEL,GK,Real Madrid,es La Liga,32,1992,30.0,29,3,0,6,1,28.7,0.27,+0.7,+0.02,62,214,29.0,871,173,18.5,28.2,148,35.8,39.1,350,16,4.6,14,0.47,10.7,Matches,623
31,Finn Dahmen,de GER,GK,Augsburg,de Bundesliga,26,1998,19.0,19,2,0,3,2,24.2,0.29,+7.2,+0.38,129,341,37.8,614,51,38.6,34.9,145,71.7,53.2,337,9,2.7,26,1.37,14.7,Matches,644
32,Thomas Dähne,de GER,GK,Holstein Kiel,de Bundesliga,30,1994,9.0,19,2,1,1,1,18.5,0.30,+0.5,+0.06,47,133,35.3,304,55,25.7,30.3,91,60.4,45.6,177,15,8.5,5,0.56,9.3,Matches,645
33,Théo De Percin,mq MTQ,GK,Auxerre,fr Ligue 1,23,2001,2.0,3,1,0,0,0,3.5,0.22,+0.5,+0.23,8,31,25.8,46,5,45.7,40.3,12,83.3,55.3,38,3,7.9,3,1.50,13.1,Matches,682
34,Rémy Descamps,fr FRA,GK,Lyon,fr Ligue 1,28,1996,1.0,2,0,0,0,0,1.4,0.23,-0.6,-0.62,1,4,25.0,28,2,14.3,27.5,2,0.0,16.0,7,0,0.0,0,0.00,7.0,Matches,700
35,Arthur Desmas,fr FRA,GK,Le Havre,fr Ligue 1,30,1994,18.0,38,2,1,4,0,38.7,0.40,+0.7,+0.04,56,151,37.1,404,72,28.5,30.9,117,30.8,29.6,277,12,4.3,7,0.39,11.9,Matches,701
36,Michele Di Gregorio,it ITA,GK,Juventus,it Serie A,27,1997,33.0,32,5,0,6,0,28.1,0.24,-3.9,-0.12,128,333,38.4,848,126,30.0,31.4,146,54.1,44.0,469,29,6.2,30,0.91,13.1,Matches,704
37,Stole Dimitrievski,mk MKD,GK,Valencia,es La Liga,30,1993,4.0,6,1,0,0,0,4.5,0.29,-1.5,-0.38,15,72,20.8,113,25,49.6,40.5,20,80.0,53.6,51,3,5.9,16,4.00,25.7,Matches,733
38,Yehvann Diouf,sn SEN,GK,Reims,fr Ligue 1,24,1999,34.0,47,4,1,8,0,61.6,0.33,+14.6,+0.43,154,477,32.3,993,153,34.4,33.3,220,61.4,45.0,554,31,5.6,42,1.24,14.6,Matches,743
39,Marko Dmitrović,rs SRB,GK,Leganés,es La Liga,32,1992,32.0,49,7,1,9,2,50.2,0.30,+3.2,+0.10,201,765,26.3,743,112,65.3,47.2,303,92.4,66.2,579,49,8.5,53,1.66,14.5,Matches,752
40,Álex Domínguez,es ESP,GK,Toulouse,fr Ligue 1,26,1998,0.2,0,0,0,0,0,0.0,,0.0,0.00,2,5,40.0,8,1,25.0,30.0,3,100.0,69.3,7,0,0.0,0,0.00,,Matches,759
41,Gianluigi Donnarumma,it ITA,GK,Paris S-G,fr Ligue 1,25,1999,23.2,25,1,1,4,0,21.7,0.29,-3.3,-0.14,35,101,34.7,543,90,13.6,25.1,89,30.3,28.2,199,10,5.0,19,0.82,14.4,Matches,765
42,Patrick Drewes,de GER,GK,Bochum,de Bundesliga,31,1993,21.0,46,3,2,4,0,42.3,0.38,-3.7,-0.18,218,484,45.0,681,65,50.1,37.6,177,80.8,52.6,285,12,4.2,33,1.57,15.8,Matches,788
43,Martin Dúbravka,sk SVK,GK,Newcastle Utd,eng Premier League,35,1989,10.0,12,0,0,1,0,12.9,0.32,+0.9,+0.09,18,80,22.5,273,54,15.8,25.2,59,62.7,45.4,127,10,7.9,11,1.10,15.3,Matches,791
44,Ederson,br BRA,GK,Manchester City,eng Premier League,30,1993,25.8,26,2,0,3,1,30.0,0.37,+5.0,+0.19,72,165,43.6,846,108,17.4,27.9,77,23.4,31.9,224,13,5.8,49,1.90,17.5,Matches,810
45,Łukasz Fabiański,pl POL,GK,West Ham,eng Premier League,39,1985,12.9,21,3,1,3,0,22.6,0.29,+1.6,+0.12,77,226,34.1,394,55,41.9,35.5,100,61.0,45.1,220,10,4.5,12,0.93,13.1,Matches,868
46,Wladimiro Falcone,it ITA,GK,Lecce,it Serie A,29,1995,38.0,58,8,3,5,3,53.8,0.26,-1.2,-0.03,220,656,33.5,1017,120,51.9,39.1,178,71.9,50.2,590,29,4.9,19,0.50,11.0,Matches,874
47,Frank Feller,de GER,GK,Heidenheim,de Bundesliga,20,2004,1.3,0,0,0,0,0,0.3,0.16,+0.3,+0.24,10,34,29.4,54,7,42.6,38.0,11,100.0,68.4,25,1,4.0,1,0.74,14.8,Matches,885
48,Aitor Fernández,es ESP,GK,Osasuna,es La Liga,33,1991,1.0,0,0,0,0,0,1.2,0.23,+1.2,+1.15,19,35,54.3,34,4,70.6,44.4,11,100.0,59.9,14,1,7.1,1,1.00,10.6,Matches,894
49,Álvaro Fernández,es ESP,GK,Sevilla,es La Liga,26,1998,8.3,16,2,0,1,0,11.0,0.25,-5.0,-0.61,37,142,26.1,277,32,39.7,34.3,46,69.6,49.4,105,7,6.7,14,1.69,16.5,Matches,895
50,André Ferreira,pt POR,GK,Valladolid,es La Liga,28,1996,6.0,20,3,0,1,0,15.3,0.35,-4.7,-0.79,30,83,36.1,138,26,37.0,33.8,56,57.1,41.7,92,4,4.3,3,0.50,10.4,Matches,901
Rk,Player,Nation,Pos,Squad,Comp,Age,Born,90s,GA,PKA,FK,CK,OG,PSxG,PSxG/SoT,PSxG+/-,/90,Cmp,Att,Cmp%,Att (GK),Thr,Launch%,AvgLen,Att,Launch%,AvgLen,Opp,Stp,Stp%,#OPA,#OPA/90,AvgDist,Matches,26
51,Mark Flekken,nl NED,GK,Brentford,eng Premier League,31,1993,36.4,55,1,0,2,2,52.7,0.26,-0.3,-0.01,249,659,37.8,1498,122,33.7,34.4,212,72.6,54.8,581,46,7.9,34,0.93,11.5,Matches,906
52,Yahia Fofana,ci CIV,GK,Angers,fr Ligue 1,23,2000,33.0,51,3,0,7,0,63.5,0.34,+12.5,+0.38,144,435,33.1,751,180,38.6,35.8,261,55.6,43.6,531,48,9.0,20,0.61,10.7,Matches,914
53,Fraser Forster,eng ENG,GK,Tottenham,eng Premier League,36,1988,7.0,15,2,0,1,0,16.5,0.36,+1.5,+0.21,11,31,35.5,141,30,21.3,27.2,56,1.8,14.6,81,4,4.9,3,0.43,11.1,Matches,923
54,Fran,es ESP,GK,Real Madrid,es La Liga,19,2005,1.0,2,0,0,1,0,0.9,0.43,-1.1,-1.14,1,2,50.0,16,3,12.5,24.0,4,0.0,14.8,5,1,20.0,1,1.00,12.0,Matches,927
55,Gauthier Gallon,fr FRA,GK,Rennes,fr Ligue 1,31,1993,0.5,0,0,0,0,0,0.0,,0.0,0.00,0,3,0.0,15,2,13.3,23.8,4,25.0,26.3,2,0,0.0,1,2.00,28.0,Matches,960
56,Joan García,es ESP,GK,Espanyol,es La Liga,23,2001,38.0,51,4,2,6,1,57.7,0.28,+7.7,+0.20,194,526,36.9,1040,197,37.6,34.8,216,62.5,48.5,670,64,9.6,35,0.92,12.0,Matches,972
57,Paulo Gazzaniga,ar ARG,GK,Girona,es La Liga,32,1992,35.5,51,2,1,5,1,45.4,0.29,-4.6,-0.13,93,298,31.2,1026,137,21.6,29.4,180,42.2,40.0,419,36,8.6,33,0.93,12.6,Matches,982
58,David de Gea,es ESP,GK,Fiorentina,it Serie A,33,1990,35.0,38,1,0,3,1,37.7,0.26,+0.7,+0.02,218,490,44.5,886,129,40.1,35.8,241,56.0,45.1,478,13,2.7,28,0.80,14.5,Matches,986
59,Pierluigi Gollini,it ITA,GK,Genoa,it Serie A,29,1995,7.0,15,3,0,1,0,12.2,0.29,-2.8,-0.39,33,75,44.0,198,21,24.7,30.4,52,50.0,44.4,92,2,2.2,2,0.29,9.6,Matches,1018
60,Mathieu Gorgelin,fr FRA,GK,Le Havre,fr Ligue 1,33,1990,16.0,33,3,0,4,1,34.2,0.40,+2.2,+0.14,79,183,43.2,435,75,32.9,32.4,99,40.4,34.6,269,21,7.8,8,0.50,10.5,Matches,1042
61,Kamil Grabara,pl POL,GK,Wolfsburg,de Bundesliga,25,1999,28.7,49,2,0,9,1,49.7,0.35,+1.7,+0.06,186,511,36.4,979,114,41.7,36.7,154,66.9,51.9,413,15,3.6,19,0.66,12.2,Matches,1051
62,Dominik Greif,sk SVK,GK,Mallorca,es La Liga,27,1997,31.0,34,2,0,3,1,33.9,0.28,+0.9,+0.03,191,475,40.2,847,126,41.9,36.4,193,62.2,48.3,511,15,2.9,21,0.68,12.9,Matches,1062
63,Vicente Guaita,es ESP,GK,Celta Vigo,es La Liga,37,1987,34.0,48,3,0,6,0,40.6,0.30,-7.4,-0.22,66,220,30.0,740,195,18.4,27.3,230,36.5,35.4,436,26,6.0,44,1.29,14.0,Matches,1073
64,Péter Gulácsi,hu HUN,GK,RB Leipzig,de Bundesliga,34,1990,29.2,39,2,1,4,0,42.6,0.30,+3.6,+0.12,79,209,37.8,705,140,20.3,28.6,196,33.7,34.3,434,23,5.3,34,1.16,14.8,Matches,1095
65,Kjetil Haug,no NOR,GK,Toulouse,fr Ligue 1,26,1998,5.5,7,0,0,2,0,6.6,0.45,-0.4,-0.06,16,60,26.7,95,13,37.9,34.1,35,68.6,49.1,72,5,6.9,3,0.54,12.1,Matches,1133
66,Dean Henderson,eng ENG,GK,Crystal Palace,eng Premier League,27,1997,38.0,51,1,1,5,3,51.2,0.35,+3.2,+0.08,157,600,26.2,942,115,47.5,38.5,273,56.0,44.9,559,30,5.4,40,1.05,14.3,Matches,1138
67,Mads Hermansen,dk DEN,GK,Leicester City,eng Premier League,24,2000,26.5,58,3,0,3,3,56.4,0.35,+1.4,+0.05,114,471,24.2,926,133,39.2,34.6,143,75.5,51.5,419,26,6.2,26,0.98,13.1,Matches,1146
68,Sergio Herrera,es ESP,GK,Osasuna,es La Liga,31,1993,37.0,52,7,1,4,1,56.2,0.28,+5.2,+0.14,277,614,45.1,966,139,43.2,37.6,276,71.4,50.7,524,32,6.1,85,2.30,19.7,Matches,1156
69,Dinko Horkaš,hr CRO,GK,Las Palmas,es La Liga,25,1999,12.1,19,1,0,0,1,19.4,0.34,+1.4,+0.11,69,175,39.4,475,53,31.8,32.5,47,51.1,43.0,148,9,6.1,16,1.33,15.6,Matches,1180
70,Timo Horn,de GER,GK,Bochum,de Bundesliga,31,1993,13.0,22,0,1,3,0,18.5,0.35,-3.5,-0.27,129,332,38.9,400,29,60.8,43.6,98,90.8,61.8,182,6,3.3,18,1.38,14.8,Matches,1181
71,Lukáš Hrádecký,fi FIN,GK,Leverkusen,de Bundesliga,34,1989,29.0,38,4,1,2,3,35.8,0.28,+0.8,+0.03,123,306,40.2,774,110,30.9,31.5,135,49.6,40.8,296,12,4.1,39,1.34,17.3,Matches,1185
72,Karl Jakob Hein,ee EST,GK,Valladolid,es La Liga,22,2002,31.0,68,4,1,4,1,58.8,0.35,-8.2,-0.27,165,452,36.5,941,136,32.6,33.9,224,64.7,51.7,474,34,7.2,34,1.10,14.0,Matches,1238
73,Vitezslav Jaros,cz CZE,GK,Liverpool,eng Premier League,23,2001,0.1,0,0,0,0,0,0.0,0.03,0.0,+0.25,5,7,71.4,7,2,85.7,50.9,1,100.0,59.0,2,0,0.0,0,0.00,11.0,Matches,1245
74,Karl-Johan Johnsson,se SWE,GK,Strasbourg,fr Ligue 1,34,1990,3.0,6,1,0,0,0,6.7,0.26,+0.7,+0.22,6,22,27.3,122,21,15.6,23.9,7,42.9,39.7,48,2,4.2,3,1.00,11.1,Matches,1270
75,Sam Johnstone,eng ENG,GK,Wolves,eng Premier League,31,1993,7.0,17,2,0,5,1,13.0,0.29,-3.0,-0.43,52,129,40.3,252,28,45.6,36.6,25,56.0,43.2,104,8,7.7,11,1.57,13.4,Matches,1271
Rk,Player,Nation,Pos,Squad,Comp,Age,Born,90s,GA,PKA,FK,CK,OG,PSxG,PSxG/SoT,PSxG+/-,/90,Cmp,Att,Cmp%,Att (GK),Thr,Launch%,AvgLen,Att,Launch%,AvgLen,Opp,Stp,Stp%,#OPA,#OPA/90,AvgDist,Matches,26
76,Jesse Joronen,fi FIN,GK,Venezia,it Serie A,31,1993,7.8,15,3,0,3,2,12.6,0.26,-0.4,-0.05,20,84,23.8,260,46,28.1,31.0,41,26.8,34.9,125,6,4.8,5,0.64,9.4,Matches,1277
77,Luiz Lúcio Reis Júnior,br BRA,GK,Villarreal,es La Liga,23,2001,16.2,18,4,1,0,0,18.1,0.23,+0.1,0.00,61,178,34.3,392,96,31.9,31.6,99,53.5,43.6,256,16,6.3,20,1.23,12.2,Matches,1289
78,Filip Jørgensen,dk DEN,GK,Chelsea,eng Premier League,22,2002,6.0,9,1,0,1,0,9.3,0.30,+0.3,+0.04,7,33,21.2,171,19,18.1,24.1,18,11.1,17.5,53,2,3.8,2,0.33,13.2,Matches,1296
79,Caoimhín Kelleher,ie IRL,GK,Liverpool,eng Premier League,25,1998,10.0,12,0,0,1,0,11.6,0.30,-0.4,-0.04,29,115,25.2,364,49,28.6,29.0,18,61.1,42.8,113,6,5.3,9,0.90,14.0,Matches,1340
80,Tom King,wls WAL,GK,Wolves,eng Premier League,29,1995,0.0,0,0,0,0,0,0.0,,0.0,0.00,0,0,,1,1,0.0,14.0,0,,,1,0,0.0,0,0.00,,Matches,1362
81,Antonín Kinský,cz CZE,GK,Tottenham,eng Premier League,21,2003,6.0,11,0,0,1,2,10.5,0.33,+1.5,+0.25,17,58,29.3,186,37,26.9,30.7,30,26.7,29.1,112,10,8.9,9,1.50,12.1,Matches,1363
82,Gregor Kobel,ch SUI,GK,Dortmund,de Bundesliga,26,1997,32.0,47,4,0,5,1,47.4,0.35,+1.4,+0.04,112,336,33.3,1117,126,23.7,28.6,121,58.7,45.3,420,22,5.2,47,1.47,15.7,Matches,1371
83,Hervé Koffi,bf BFA,GK,Lens,fr Ligue 1,27,1996,5.0,8,2,0,1,0,11.1,0.38,+3.1,+0.61,14,42,33.3,115,22,29.6,33.2,19,42.1,36.4,53,4,7.5,2,0.40,9.4,Matches,1373
84,Philipp Köhn,ch SUI,GK,Monaco,fr Ligue 1,26,1998,19.0,19,1,0,2,0,17.2,0.26,-1.8,-0.10,50,157,31.8,447,70,25.7,29.9,99,42.4,38.1,225,16,7.1,20,1.05,14.8,Matches,1376
85,Matej Kovar,cz CZE,GK,Leverkusen,de Bundesliga,24,2000,5.0,5,0,0,0,1,3.5,0.22,-0.5,-0.09,12,32,37.5,131,16,21.4,27.9,15,26.7,27.7,52,2,3.8,6,1.20,16.9,Matches,1406
86,Vladyslav Krapyvtsov,ua UKR,GK,Girona,es La Liga,19,2005,2.0,7,1,0,2,0,6.3,0.31,-0.7,-0.37,10,21,47.6,63,13,31.7,35.6,7,14.3,28.6,27,1,3.7,1,0.50,12.9,Matches,1413
87,Nediljko Labrović,hr CRO,GK,Augsburg,de Bundesliga,24,1999,15.0,32,3,1,2,0,25.9,0.32,-6.1,-0.40,83,220,37.7,397,72,38.8,35.2,105,62.9,47.4,217,12,5.5,18,1.20,13.3,Matches,1436
88,Alban Lafont,ci CIV,GK,Nantes,fr Ligue 1,25,1999,12.0,19,3,0,2,2,16.8,0.30,-0.2,-0.02,40,143,28.0,309,56,34.0,34.9,57,66.7,51.1,200,16,8.0,6,0.50,10.6,Matches,1440
89,Gautier Larsonneur,fr FRA,GK,Saint-Étienne,fr Ligue 1,27,1997,34.0,77,13,0,4,2,73.5,0.30,-1.5,-0.04,131,486,27.0,978,145,38.8,34.7,205,52.2,40.5,510,24,4.7,33,1.00,14.0,Matches,1452
90,Nicola Leali,it ITA,GK,Genoa,it Serie A,31,1993,29.0,31,3,0,4,3,34.3,0.29,+6.3,+0.22,150,391,38.4,722,112,39.3,33.9,214,50.0,41.1,390,21,5.4,14,0.48,11.2,Matches,1464
91,Benjamin Lecomte,fr FRA,GK,Montpellier,fr Ligue 1,33,1991,30.0,68,6,0,5,3,57.3,0.31,-5.7,-0.20,177,449,39.4,814,115,42.5,36.2,184,56.0,42.4,408,20,4.9,26,0.90,14.3,Matches,1466
92,Bernd Leno,de GER,GK,Fulham,eng Premier League,32,1992,38.0,54,3,0,6,2,48.9,0.29,-3.1,-0.08,141,367,38.4,1231,167,22.7,28.9,172,51.2,41.9,507,23,4.5,33,0.87,13.3,Matches,1479
93,Donovan Léon,gf GUF,GK,Auxerre,fr Ligue 1,31,1992,32.0,48,5,0,7,3,55.8,0.32,+10.8,+0.34,213,649,32.8,935,173,53.0,42.0,195,78.5,56.4,518,28,5.4,39,1.22,14.6,Matches,1480
94,Anthony Lopes,pt POR,GK,Nantes,fr Ligue 1,33,1990,17.4,26,4,0,1,1,25.6,0.32,+0.6,+0.03,89,257,34.6,451,56,40.4,35.8,96,78.1,49.4,308,16,5.2,8,0.46,11.0,Matches,1517
95,Pau López,es ESP,GK,Girona,es La Liga,29,1994,0.5,2,0,0,0,0,1.3,0.44,-0.7,-1.33,4,9,44.4,17,2,35.3,35.8,7,42.9,38.7,17,3,17.6,1,2.00,9.8,Matches,1524
96,Joe Lumley,eng ENG,GK,Southampton,eng Premier League,29,1995,3.0,7,0,0,1,0,7.7,0.39,+0.7,+0.22,15,50,30.0,135,14,34.1,30.0,15,26.7,24.0,56,2,3.6,7,2.33,18.0,Matches,1545
97,Andriy Lunin,ua UKR,GK,Real Madrid,es La Liga,25,1999,7.0,7,0,0,0,0,6.4,0.32,-0.6,-0.09,21,42,50.0,155,29,20.0,26.9,45,24.4,30.6,61,2,3.3,12,1.71,14.9,Matches,1547
98,Mike Maignan,fr FRA,GK,Milan,it Serie A,29,1995,36.6,41,1,1,3,3,36.8,0.26,-1.2,-0.03,118,306,38.6,1355,174,17.4,27.8,194,36.1,38.6,447,26,5.8,68,1.86,18.7,Matches,1575
99,Radosław Majecki,pl POL,GK,Monaco,fr Ligue 1,24,1999,15.0,22,2,1,1,0,21.1,0.31,-0.9,-0.06,27,112,24.1,320,76,26.6,30.5,87,31.0,32.8,154,14,9.1,18,1.20,14.0,Matches,1579
100,Giorgi Mamardashvili,ge GEO,GK,Valencia,es La Liga,23,2000,34.0,48,5,0,4,3,46.1,0.30,+1.1,+0.03,141,449,31.4,859,134,36.0,34.5,219,63.9,49.6,472,33,7.0,38,1.12,14.3,Matches,1597
Rk,Player,Nation,Pos,Squad,Comp,Age,Born,90s,GA,PKA,FK,CK,OG,PSxG,PSxG/SoT,PSxG+/-,/90,Cmp,Att,Cmp%,Att (GK),Thr,Launch%,AvgLen,Att,Launch%,AvgLen,Opp,Stp,Stp%,#OPA,#OPA/90,AvgDist,Matches,26
101,Steve Mandanda,fr FRA,GK,Rennes,fr Ligue 1,39,1985,16.5,23,2,0,2,2,17.0,0.29,-4.0,-0.24,61,180,33.9,426,66,33.6,32.7,73,50.7,41.6,175,7,4.0,21,1.27,15.7,Matches,1601
102,Christos Mandas,gr GRE,GK,Lazio,it Serie A,22,2001,9.0,7,0,0,1,0,7.9,0.29,+0.9,+0.10,42,124,33.9,308,36,36.4,35.9,25,48.0,41.8,130,20,15.4,22,2.44,16.8,Matches,1602
103,Unai Marrero,es ESP,GK,Real Sociedad,es La Liga,22,2001,2.0,3,0,0,0,0,3.5,0.22,+0.5,+0.26,7,16,43.8,41,11,24.4,28.3,15,40.0,35.1,21,1,4.8,3,1.50,16.8,Matches,1637
104,Emiliano Martínez,ar ARG,GK,Aston Villa,eng Premier League,31,1992,35.5,45,1,1,2,0,45.8,0.32,+0.8,+0.02,162,420,38.6,1208,132,26.3,30.4,172,59.3,46.3,498,56,11.2,35,0.99,13.7,Matches,1649
105,Josep Martinez,es ESP,GK,Inter,it Serie A,26,1998,5.0,3,0,0,0,0,4.1,0.31,+1.1,+0.23,23,51,45.1,216,15,20.4,28.6,25,28.0,32.1,81,3,3.7,3,0.60,15.8,Matches,1652
106,Andrea Mazza,it ITA,GK,Monza,it Serie A,20,2004,0.1,0,0,0,0,0,0.0,,0.0,0.00,1,2,50.0,5,1,20.0,24.0,2,50.0,40.0,1,0,0.0,0,0.00,,Matches,1688
107,Alex McCarthy,eng ENG,GK,Southampton,eng Premier League,34,1989,5.0,13,2,0,1,0,12.6,0.29,-0.4,-0.07,24,52,46.2,132,29,33.3,29.5,23,34.8,30.7,74,8,10.8,0,0.00,6.5,Matches,1699
108,Alex Meret,it ITA,GK,Napoli,it Serie A,27,1997,33.4,25,1,1,0,2,25.3,0.27,+2.3,+0.07,88,214,41.1,1041,117,15.4,27.7,181,29.8,34.9,378,21,5.6,47,1.41,16.5,Matches,1726
109,Alexander Meyer,de GER,GK,Dortmund,de Bundesliga,33,1991,2.0,4,0,0,0,0,4.0,0.36,0.0,0.00,8,33,24.2,76,3,35.5,34.8,7,85.7,63.6,24,1,4.2,2,1.00,14.8,Matches,1735
110,Vanja Milinković-Savić,rs SRB,GK,Torino,it Serie A,27,1997,37.0,42,3,1,7,2,51.4,0.27,+11.4,+0.31,223,702,31.8,1352,191,40.0,37.6,271,59.4,51.1,585,37,6.3,46,1.24,13.7,Matches,1745
111,Lorenzo Montipò,it ITA,GK,Hellas Verona,it Serie A,28,1996,36.0,64,2,0,6,1,50.8,0.31,-12.2,-0.34,210,720,29.2,760,91,59.9,43.6,298,88.9,59.3,498,30,6.0,23,0.64,11.6,Matches,1782
112,Florian Müller,de GER,GK,Freiburg,de Bundesliga,26,1997,8.4,16,2,0,3,1,11.6,0.35,-3.4,-0.41,54,166,32.5,267,28,44.9,37.1,57,80.7,57.7,104,6,5.8,9,1.08,13.4,Matches,1815
113,Kevin Müller,de GER,GK,Heidenheim,de Bundesliga,33,1991,32.7,64,6,0,7,0,59.3,0.33,-4.7,-0.14,152,428,35.5,1031,153,31.4,33.8,271,38.4,38.3,453,21,4.6,20,0.61,12.0,Matches,1816
114,Marius Müller,de GER,GK,Wolfsburg,de Bundesliga,31,1993,5.3,5,0,0,2,0,7.6,0.33,+2.6,+0.49,37,97,38.1,184,29,39.1,36.6,34,73.5,51.4,99,9,9.1,3,0.57,11.7,Matches,1817
115,Arijanet Muric,xk KVX,GK,Ipswich Town,eng Premier League,25,1998,18.0,33,3,0,2,0,31.4,0.29,-1.6,-0.09,76,229,33.2,534,94,29.6,30.3,94,75.5,54.6,249,39,15.7,20,1.11,12.2,Matches,1829
116,Juan Musso,ar ARG,GK,Atalanta,it Serie A,30,1994,1.0,0,0,0,0,0,0.7,0.19,+0.7,+0.74,4,20,20.0,19,4,36.8,33.1,14,92.9,56.9,15,0,0.0,1,1.00,17.5,Matches,1838
117,Juan Musso,ar ARG,GK,Atlético Madrid,es La Liga,30,1994,2.0,0,0,0,0,0,0.1,0.05,+0.1,+0.05,1,9,11.1,46,11,15.2,24.0,13,15.4,25.2,23,2,8.7,0,0.00,11.2,Matches,1839
118,Neto,br BRA,GK,Bournemouth,eng Premier League,35,1989,2.0,2,0,0,0,0,4.3,0.35,+2.3,+1.17,9,27,33.3,46,7,43.5,36.8,15,46.7,38.9,30,2,6.7,3,1.50,12.6,Matches,1884
119,Manuel Neuer,de GER,GK,Bayern Munich,de Bundesliga,38,1986,22.0,15,1,0,2,0,15.0,0.33,0.0,0.00,92,194,47.4,867,81,20.0,27.7,56,37.5,37.3,162,6,3.7,40,1.82,19.6,Matches,1887
120,Moritz Nicolas,de GER,GK,Gladbach,de Bundesliga,26,1997,18.2,25,5,0,1,2,29.9,0.29,+6.9,+0.38,95,199,47.7,734,88,23.3,28.2,60,46.7,39.8,319,18,5.6,14,0.77,12.0,Matches,1901
121,Alexander Nübel,de GER,GK,Stuttgart,de Bundesliga,27,1996,34.0,53,2,1,7,1,44.8,0.32,-7.2,-0.21,157,410,38.3,1183,137,30.1,30.7,122,44.3,39.5,415,21,5.1,57,1.68,17.6,Matches,1923
122,Ørjan Nyland,no NOR,GK,Sevilla,es La Liga,33,1990,29.7,39,3,3,3,1,37.1,0.31,-0.9,-0.03,118,445,26.5,836,114,42.1,37.2,166,56.0,46.0,408,20,4.9,29,0.98,13.8,Matches,1930
123,Jan Oblak,si SVN,GK,Atlético Madrid,es La Liga,31,1993,36.0,30,5,1,3,2,25.6,0.19,-2.4,-0.07,109,277,39.4,670,183,24.3,30.2,277,41.2,36.7,488,28,5.7,28,0.78,14.0,Matches,1941
124,Maduka Okoye,ng NGA,GK,Udinese,it Serie A,24,1999,25.0,40,4,2,4,3,37.0,0.32,0.0,0.00,120,292,41.1,776,80,29.9,30.2,99,60.6,47.3,315,14,4.4,23,0.92,14.1,Matches,1956
125,Robin Olsen,se SWE,GK,Aston Villa,eng Premier League,34,1990,2.5,6,1,0,0,0,6.3,0.40,+0.3,+0.12,19,54,35.2,75,1,42.7,35.9,26,84.6,60.0,40,3,7.5,0,0.00,8.6,Matches,1968
Rk,Player,Nation,Pos,Squad,Comp,Age,Born,90s,GA,PKA,FK,CK,OG,PSxG,PSxG/SoT,PSxG+/-,/90,Cmp,Att,Cmp%,Att (GK),Thr,Launch%,AvgLen,Att,Launch%,AvgLen,Opp,Stp,Stp%,#OPA,#OPA/90,AvgDist,Matches,26
126,Jonas Omlin,ch SUI,GK,Gladbach,de Bundesliga,30,1994,10.9,26,2,1,6,0,23.8,0.31,-2.2,-0.20,68,190,35.8,453,46,34.9,32.7,57,56.1,44.2,166,3,1.8,13,1.20,15.1,Matches,1971
127,André Onana,cm CMR,GK,Manchester Utd,eng Premier League,28,1996,34.0,44,3,1,10,1,44.0,0.31,+1.0,+0.03,118,440,26.8,1152,136,29.7,30.3,149,65.8,47.2,399,22,5.5,23,0.68,11.8,Matches,1975
128,Stefan Ortega,de GER,GK,Manchester City,eng Premier League,31,1992,12.2,18,2,1,1,1,16.3,0.31,-0.7,-0.06,40,104,38.5,409,55,21.5,26.7,49,32.7,28.2,133,6,4.5,12,0.98,14.3,Matches,1995
129,Jesús Owono,gq EQG,GK,Alavés,es La Liga,23,2001,5.4,7,1,0,2,0,5.4,0.37,-1.6,-0.29,46,105,43.8,126,12,55.6,43.0,36,97.2,67.5,66,6,9.1,2,0.37,8.9,Matches,2012
130,Daniele Padelli,it ITA,GK,Udinese,it Serie A,38,1985,1.0,0,0,0,0,0,0.8,0.26,+0.8,+0.77,3,7,42.9,18,2,33.3,30.5,2,50.0,32.0,11,1,9.1,0,0.00,15.0,Matches,2023
131,Alex Padilla,es ESP,GK,Athletic Club,es La Liga,20,2003,3.6,6,1,0,1,1,4.8,0.26,-0.2,-0.06,27,78,34.6,98,15,58.2,41.5,22,95.5,64.5,57,2,3.5,3,0.84,13.4,Matches,2024
132,Alberto Paleari,it ITA,GK,Torino,it Serie A,31,1992,1.0,3,0,0,0,0,2.2,0.32,-0.8,-0.77,8,12,66.7,26,5,34.6,31.0,6,50.0,42.0,12,0,0.0,5,5.00,27.3,Matches,2030
133,Alex Palmer,eng ENG,GK,Ipswich Town,eng Premier League,27,1996,13.0,30,1,0,9,2,25.1,0.35,-2.9,-0.22,71,186,38.2,329,55,36.8,33.9,94,69.1,50.8,249,20,8.0,13,1.00,11.5,Matches,2035
134,Rui Patrício,pt POR,GK,Atalanta,it Serie A,36,1988,3.0,3,0,0,0,0,4.2,0.34,+1.2,+0.41,8,19,42.1,83,12,18.1,27.6,18,22.2,32.1,29,0,0.0,10,3.33,23.1,Matches,2051
135,Iñaki Peña,es ESP,GK,Barcelona,es La Liga,25,1999,15.5,18,2,0,1,0,16.7,0.29,-1.3,-0.08,23,78,29.5,546,80,10.8,24.7,84,22.6,30.3,143,3,2.1,89,5.74,23.5,Matches,2079
136,Daniel Peretz,il ISR,GK,Bayern Munich,de Bundesliga,24,2000,3.0,5,0,0,0,0,4.0,0.58,-1.0,-0.32,5,25,20.0,96,5,25.0,29.5,7,14.3,29.6,17,0,0.0,8,2.67,21.2,Matches,2090
137,Simone Perilli,it ITA,GK,Hellas Verona,it Serie A,29,1995,2.0,2,0,0,0,0,3.0,0.30,+1.0,+0.51,7,41,17.1,34,2,82.4,55.4,14,92.9,63.4,46,2,4.3,3,1.50,20.3,Matches,2098
138,Mattia Perin,it ITA,GK,Juventus,it Serie A,31,1992,5.0,3,0,0,0,0,3.7,0.23,+0.7,+0.14,11,44,25.0,170,30,22.4,29.4,12,50.0,40.8,50,3,6.0,3,0.60,14.0,Matches,2099
139,Lucas Perri,br BRA,GK,Lyon,fr Ligue 1,26,1997,33.0,44,3,1,6,0,47.8,0.29,+3.8,+0.12,101,310,32.6,884,183,28.1,30.5,152,40.8,37.6,415,26,6.3,29,0.88,13.5,Matches,2101
140,Đorđe Petrović,rs SRB,GK,Strasbourg,fr Ligue 1,24,1999,31.0,38,7,0,3,2,45.9,0.27,+9.9,+0.32,117,361,32.4,1438,127,20.9,27.4,107,56.1,45.6,491,41,8.4,47,1.52,15.2,Matches,2109
141,Luca Philipp,de GER,GK,Hoffenheim,de Bundesliga,23,2000,6.0,15,1,0,2,1,12.3,0.34,-1.7,-0.28,30,97,30.9,157,22,51.0,38.7,36,47.2,40.6,84,3,3.6,4,0.67,12.8,Matches,2112
142,Jordan Pickford,eng ENG,GK,Everton,eng Premier League,30,1994,38.0,44,0,1,6,0,48.8,0.30,+4.8,+0.13,304,806,37.7,1355,161,48.8,39.7,231,62.8,48.7,558,31,5.6,57,1.50,15.2,Matches,2120
143,Semuel Pizzignacco,it ITA,GK,Monza,it Serie A,22,2001,8.2,17,0,1,2,1,12.4,0.33,-3.6,-0.44,39,113,34.5,273,30,33.7,31.4,49,42.9,38.4,119,4,3.4,7,0.86,12.8,Matches,2132
144,Nick Pope,eng ENG,GK,Newcastle Utd,eng Premier League,32,1992,28.0,35,1,0,3,2,34.8,0.28,+1.8,+0.06,72,257,28.0,595,192,25.7,30.7,187,55.6,43.6,359,39,10.9,64,2.29,16.0,Matches,2140
145,Ivan Provedel,it ITA,GK,Lazio,it Serie A,30,1994,29.0,42,4,0,3,2,31.5,0.32,-8.5,-0.29,146,374,39.0,1009,96,30.8,33.3,106,59.4,46.1,366,29,7.9,32,1.10,14.5,Matches,2154
146,Ionuț Radu,ro ROU,GK,Venezia,it Serie A,27,1997,15.0,18,3,0,2,0,19.2,0.26,+1.2,+0.08,67,275,24.4,470,61,47.7,40.2,73,69.9,55.3,215,13,6.0,3,0.20,9.1,Matches,2164
147,Arnau Rafús,es ESP,GK,Valladolid,es La Liga,21,2003,1.0,2,0,1,0,0,0.5,0.23,-1.5,-1.53,7,15,46.7,38,5,34.2,34.9,5,40.0,39.0,14,1,7.1,1,1.00,11.4,Matches,2166
148,Aaron Ramsdale,eng ENG,GK,Southampton,eng Premier League,26,1998,30.0,66,5,0,10,0,63.5,0.32,-2.5,-0.08,196,605,32.4,1026,129,44.6,36.0,190,77.4,55.9,457,25,5.5,20,0.67,11.7,Matches,2174
149,Federico Ravaglia,it ITA,GK,Bologna,it Serie A,24,1999,11.7,14,1,0,2,0,11.7,0.46,-2.3,-0.20,48,138,34.8,426,45,27.5,30.8,47,44.7,40.4,97,11,11.3,9,0.77,12.9,Matches,2186
150,David Raya,es ESP,GK,Arsenal,eng Premier League,28,1995,38.0,34,3,2,8,0,35.1,0.28,+1.1,+0.03,149,478,31.2,1263,178,29.9,29.9,147,68.0,49.1,402,53,13.2,66,1.74,17.2,Matches,2188
Rk,Player,Nation,Pos,Squad,Comp,Age,Born,90s,GA,PKA,FK,CK,OG,PSxG,PSxG/SoT,PSxG+/-,/90,Cmp,Att,Cmp%,Att (GK),Thr,Launch%,AvgLen,Att,Launch%,AvgLen,Opp,Stp,Stp%,#OPA,#OPA/90,AvgDist,Matches,26
151,Pepe Reina,es ESP,GK,Como,it Serie A,41,1982,11.5,14,1,0,4,0,12.1,0.28,-1.9,-0.16,43,115,37.4,330,41,32.4,31.9,34,23.5,28.4,148,2,1.4,6,0.52,12.5,Matches,2195
152,Álex Remiro,es ESP,GK,Real Sociedad,es La Liga,29,1995,36.0,43,5,0,5,0,38.0,0.26,-5.0,-0.14,180,477,37.7,1053,111,31.4,32.6,234,62.4,48.9,446,29,6.5,40,1.11,14.4,Matches,2199
153,Guillaume Restes,fr FRA,GK,Toulouse,fr Ligue 1,19,2005,28.3,36,1,1,3,3,27.9,0.29,-5.1,-0.18,80,286,28.0,675,83,30.8,30.3,135,57.8,42.8,360,5,1.4,34,1.20,16.9,Matches,2202
154,Lasse Rieß,de GER,GK,Mainz 05,de Bundesliga,23,2001,2.0,2,0,0,0,0,2.2,0.27,+0.2,+0.09,13,43,30.2,72,7,51.4,41.6,12,50.0,45.6,23,2,8.7,8,4.00,18.0,Matches,2215
155,Adrian Rodriguez,es ESP,GK,Alavés,es La Liga,23,2000,1.4,2,1,0,0,0,1.5,0.13,-0.5,-0.36,18,48,37.5,26,0,92.3,56.3,24,100.0,67.4,33,0,0.0,0,0.00,9.8,Matches,2230
156,Leo Román,es ESP,GK,Mallorca,es La Liga,24,2000,7.0,10,1,0,1,0,13.5,0.26,+3.5,+0.50,48,139,34.5,188,18,53.2,41.8,52,75.0,57.5,127,8,6.3,6,0.86,11.2,Matches,2250
157,Gerónimo Rulli,ar ARG,GK,Marseille,fr Ligue 1,32,1992,34.0,47,3,1,4,2,47.5,0.33,+2.5,+0.07,92,202,45.5,1097,133,15.0,24.4,105,35.2,32.7,309,28,9.1,59,1.74,18.3,Matches,2278
158,Mathew Ryan,au AUS,GK,Lens,fr Ligue 1,32,1992,14.0,17,2,0,0,0,19.5,0.28,+2.5,+0.18,46,135,34.1,342,79,31.3,32.3,66,42.4,35.3,176,20,11.4,10,0.71,11.6,Matches,2280
159,Frederik Rønnow,dk DEN,GK,Union Berlin,de Bundesliga,31,1992,28.0,37,1,1,1,1,39.3,0.32,+3.3,+0.12,143,395,36.2,734,135,36.6,34.3,161,78.3,54.3,483,40,8.3,35,1.25,13.4,Matches,2282
160,José Sá,pt POR,GK,Wolves,eng Premier League,31,1993,29.0,48,5,1,6,2,42.8,0.33,-3.2,-0.11,94,382,24.6,771,121,39.3,35.2,150,52.7,41.5,432,32,7.4,43,1.48,15.5,Matches,2283
161,Matvei Safonov,ru RUS,GK,Paris S-G,fr Ligue 1,25,1999,9.8,9,2,0,2,1,7.2,0.26,-0.8,-0.08,36,83,43.4,262,46,26.3,29.1,48,29.2,28.8,94,5,5.3,14,1.43,18.0,Matches,2295
162,Brice Samba,fr FRA,GK,Rennes,fr Ligue 1,30,1994,17.0,27,1,1,4,0,29.2,0.32,+2.2,+0.13,58,178,32.6,569,64,24.4,29.7,102,38.2,33.3,225,16,7.1,15,0.88,13.2,Matches,2320
163,Brice Samba,fr FRA,GK,Lens,fr Ligue 1,30,1994,15.0,14,4,2,3,0,17.5,0.26,+3.5,+0.23,82,163,50.3,435,61,29.7,30.5,76,44.7,36.1,152,17,11.2,22,1.47,16.1,Matches,2321
164,Robert Sánchez,es ESP,GK,Chelsea,eng Premier League,26,1997,32.0,34,4,0,4,0,35.7,0.25,+1.7,+0.05,98,424,23.1,1160,190,33.3,33.4,82,46.3,40.3,370,47,12.7,57,1.78,14.5,Matches,2333
165,Kauã Santos,br BRA,GK,Eint Frankfurt,de Bundesliga,21,2003,8.5,12,1,0,4,1,14.3,0.30,+3.3,+0.39,40,116,34.5,248,34,37.1,33.2,44,54.5,42.9,137,16,11.7,18,2.12,14.0,Matches,2349
166,Razvan Sava,ro ROU,GK,Udinese,it Serie A,22,2002,12.0,16,3,1,4,2,14.5,0.24,+0.5,+0.04,44,148,29.7,337,26,33.2,32.2,55,65.5,47.5,202,4,2.0,13,1.08,14.8,Matches,2358
167,Alexander Schwolow,de GER,GK,Union Berlin,de Bundesliga,32,1992,6.0,13,1,0,0,0,9.7,0.32,-3.3,-0.55,28,73,38.4,166,26,31.3,31.0,40,52.5,42.6,85,0,0.0,4,0.67,14.2,Matches,2382
168,Simone Scuffet,it ITA,GK,Cagliari,it Serie A,28,1996,13.0,23,5,0,6,0,20.4,0.28,-2.6,-0.20,71,181,39.2,305,50,42.0,35.5,99,53.5,42.3,189,6,3.2,7,0.54,11.8,Matches,2385
169,Simone Scuffet,it ITA,GK,Napoli,it Serie A,28,1996,1.0,1,0,0,0,0,1.6,0.40,+0.6,+0.60,3,12,25.0,35,5,25.7,29.3,9,33.3,32.7,29,1,3.4,0,0.00,7.0,Matches,2386
170,Jacopo Seghetti,it ITA,GK,Empoli,it Serie A,19,2005,1.0,3,0,0,0,0,1.9,0.31,-1.1,-1.12,3,9,33.3,16,5,37.5,33.8,5,60.0,39.0,4,0,0.0,1,1.00,26.0,Matches,2389
171,Matz Sels,be BEL,GK,Nott'ham Forest,eng Premier League,32,1992,38.0,46,3,1,5,0,49.1,0.29,+3.1,+0.08,244,698,35.0,715,83,68.4,44.7,270,77.4,54.3,710,19,2.7,12,0.32,8.7,Matches,2393
172,Alen Sherri,al ALB,GK,Cagliari,it Serie A,26,1997,6.9,11,0,0,0,0,10.9,0.35,-0.1,-0.02,29,84,34.5,168,22,35.7,32.2,57,42.1,37.0,85,4,4.7,5,0.72,11.1,Matches,2406
173,Benjamin Siegrist,ch SUI,GK,Genoa,it Serie A,32,1992,1.7,2,0,0,0,0,2.4,0.20,+0.4,+0.23,6,30,20.0,54,9,33.3,35.9,19,63.2,46.7,26,1,3.8,1,0.59,6.2,Matches,2410
174,Rui Silva,pt POR,GK,Betis,es La Liga,30,1994,15.0,18,3,0,3,1,18.4,0.30,+1.4,+0.10,45,144,31.3,446,70,26.0,30.8,76,36.8,35.9,194,10,5.2,31,2.07,18.9,Matches,2422
175,Marco Silvestri,it ITA,GK,Empoli,it Serie A,33,1991,5.0,11,0,0,3,1,8.0,0.32,-2.0,-0.41,35,85,41.2,135,16,60.7,41.8,13,23.1,25.2,62,1,1.6,4,0.80,12.6,Matches,2423
Rk,Player,Nation,Pos,Squad,Comp,Age,Born,90s,GA,PKA,FK,CK,OG,PSxG,PSxG/SoT,PSxG+/-,/90,Cmp,Att,Cmp%,Att (GK),Thr,Launch%,AvgLen,Att,Launch%,AvgLen,Opp,Stp,Stp%,#OPA,#OPA/90,AvgDist,Matches,26
176,Unai Simón,es ESP,GK,Athletic Club,es La Liga,27,1997,21.0,14,1,0,2,0,16.3,0.24,+2.3,+0.11,106,284,37.3,533,91,36.2,34.4,117,77.8,58.3,249,19,7.6,28,1.33,15.5,Matches,2429
177,Tobias Sippel,de GER,GK,Gladbach,de Bundesliga,36,1988,0.7,3,0,0,1,0,1.2,0.30,-1.8,-2.72,9,22,40.9,22,2,45.5,39.2,12,100.0,69.2,13,0,0.0,0,0.00,2.0,Matches,2437
178,Antonio Sivera,es ESP,GK,Alavés,es La Liga,27,1996,31.2,39,9,2,2,2,39.0,0.28,+2.0,+0.06,297,724,41.0,735,70,71.8,47.7,229,85.6,60.0,453,30,6.6,29,0.93,12.7,Matches,2443
179,Łukasz Skorupski,pl POL,GK,Bologna,it Serie A,33,1991,26.3,33,1,0,1,2,28.7,0.34,-2.3,-0.09,123,329,37.4,1005,113,27.9,31.6,95,51.6,44.7,215,18,8.4,23,0.88,13.0,Matches,2449
180,Daniele Sommariva,it ITA,GK,Genoa,it Serie A,27,1997,0.3,1,0,0,0,0,0.9,0.30,-0.1,-0.36,1,10,10.0,9,0,66.7,42.3,6,66.7,47.5,19,0,0.0,0,0.00,3.3,Matches,2471
181,Yann Sommer,ch SUI,GK,Inter,it Serie A,35,1988,33.0,32,3,0,3,1,31.7,0.24,+0.7,+0.02,91,226,40.3,1199,136,16.9,26.6,126,18.3,27.5,356,14,3.9,14,0.42,13.2,Matches,2472
182,David Soria,es ESP,GK,Getafe,es La Liga,31,1993,38.0,39,8,0,5,0,42.0,0.29,+3.0,+0.08,300,799,37.5,719,68,72.6,48.8,304,91.1,61.5,479,25,5.2,39,1.03,14.7,Matches,2473
183,Juan Soriano,es ESP,GK,Leganés,es La Liga,26,1997,6.0,7,0,0,1,1,8.8,0.36,+2.8,+0.47,36,120,30.0,131,20,56.5,43.9,54,85.2,62.8,130,7,5.4,0,0.00,8.4,Matches,2474
184,Marco Sportiello,it ITA,GK,Milan,it Serie A,32,1992,1.4,2,0,0,0,0,2.2,0.36,+0.2,+0.12,5,13,38.5,46,8,21.7,27.8,14,21.4,30.6,15,1,6.7,3,2.14,25.5,Matches,2490
185,Filip Stankovic,rs SRB,GK,Venezia,it Serie A,22,2002,15.2,23,4,0,3,1,25.2,0.26,+3.2,+0.21,48,161,29.8,439,51,29.4,31.6,73,43.8,34.3,249,12,4.8,13,0.86,10.8,Matches,2494
186,Jason Steele,eng ENG,GK,Brighton,eng Premier League,33,1990,2.0,1,0,0,0,0,0.5,0.12,-0.5,-0.26,7,16,43.8,110,7,13.6,25.1,2,50.0,43.0,22,2,9.1,3,1.50,15.4,Matches,2499
187,Jakub Stolarczyk,pl POL,GK,Leicester City,eng Premier League,23,2000,10.0,16,0,0,2,0,15.4,0.35,-0.6,-0.06,57,195,29.2,328,36,46.3,34.2,58,74.1,50.2,169,10,5.9,8,0.80,12.5,Matches,2512
188,Zion Suzuki,jp JPN,GK,Parma,it Serie A,21,2002,36.8,53,5,3,5,2,51.4,0.32,+0.4,+0.01,204,669,30.5,1272,184,41.4,37.5,223,63.7,52.4,614,64,10.4,38,1.03,12.1,Matches,2528
189,Mile Svilar,rs SRB,GK,Roma,it Serie A,24,1999,38.0,35,4,0,4,1,42.5,0.26,+8.5,+0.22,124,413,30.0,1258,170,23.8,30.6,200,56.5,45.5,495,30,6.1,33,0.87,13.7,Matches,2532
190,Wojciech Szczęsny,pl POL,GK,Barcelona,es La Liga,34,1990,15.0,12,1,0,1,0,12.0,0.35,0.0,0.00,24,63,38.1,398,61,12.3,25.1,54,25.9,31.0,130,7,5.4,56,3.73,20.2,Matches,2538
191,Arnau Tenas,es ESP,GK,Paris S-G,fr Ligue 1,23,2001,1.0,1,0,0,0,0,1.5,0.37,+0.5,+0.46,3,4,75.0,30,4,13.3,25.4,2,0.0,21.5,5,1,20.0,1,1.00,15.6,Matches,2571
192,Marc-André ter Stegen,de GER,GK,Barcelona,es La Liga,32,1992,7.5,9,1,0,1,0,6.4,0.26,-2.6,-0.34,15,31,48.4,224,40,12.1,26.5,27,14.8,32.0,83,5,6.0,13,1.74,17.0,Matches,2573
193,Pietro Terracciano,it ITA,GK,Fiorentina,it Serie A,34,1990,3.0,3,0,0,0,0,3.1,0.24,+0.1,+0.03,8,25,32.0,78,14,28.2,28.8,11,27.3,26.5,20,1,5.0,3,1.00,17.0,Matches,2575
194,Kevin Trapp,de GER,GK,Eint Frankfurt,de Bundesliga,34,1990,25.5,34,0,0,6,1,34.9,0.30,+1.9,+0.08,89,312,28.5,813,123,31.7,29.9,130,41.5,36.9,394,24,6.1,28,1.10,13.6,Matches,2629
195,Mark Travers,ie IRL,GK,Bournemouth,eng Premier League,25,1999,5.0,5,0,1,1,0,9.5,0.38,+4.5,+0.89,33,73,45.2,103,29,41.7,36.3,39,76.9,55.8,63,1,1.6,5,1.00,12.9,Matches,2630
196,Stefano Turati,it ITA,GK,Monza,it Serie A,22,2001,29.7,52,2,1,8,2,47.4,0.31,-2.6,-0.09,177,442,40.0,942,126,38.3,33.7,131,61.8,46.9,414,22,5.3,26,0.87,13.3,Matches,2641
197,Sven Ulreich,de GER,GK,Bayern Munich,de Bundesliga,35,1988,1.0,0,0,0,0,0,0.0,,0.0,0.00,3,8,37.5,29,4,27.6,28.2,1,0.0,9.0,7,1,14.3,1,1.00,12.3,Matches,2649
198,Jonas Urbig,de GER,GK,Bayern Munich,de Bundesliga,20,2003,8.0,12,0,0,2,0,10.3,0.38,-1.7,-0.21,30,79,38.0,263,33,26.2,30.9,23,43.5,43.1,81,5,6.2,21,2.63,17.4,Matches,2656
199,Hákon Valdimarsson,is ISL,GK,Brentford,eng Premier League,22,2001,1.6,2,0,0,0,1,0.6,0.14,-0.4,-0.26,15,38,39.5,54,7,42.6,34.9,16,93.8,59.3,16,2,12.5,0,0.00,4.7,Matches,2659
200,Maarten Vandevoordt,be BEL,GK,RB Leipzig,de Bundesliga,22,2002,4.8,9,0,0,4,0,7.3,0.36,-1.7,-0.35,19,52,36.5,139,27,23.0,29.4,35,57.1,46.0,78,7,9.0,11,2.31,16.1,Matches,2675
Rk,Player,Nation,Pos,Squad,Comp,Age,Born,90s,GA,PKA,FK,CK,OG,PSxG,PSxG/SoT,PSxG+/-,/90,Cmp,Att,Cmp%,Att (GK),Thr,Launch%,AvgLen,Att,Launch%,AvgLen,Opp,Stp,Stp%,#OPA,#OPA/90,AvgDist,Matches,26
201,Nikola Vasilj,ba BIH,GK,St. Pauli,de Bundesliga,28,1995,33.0,39,1,0,5,1,47.4,0.32,+9.4,+0.29,164,493,33.3,1267,107,34.2,32.7,134,44.8,38.0,411,24,5.8,27,0.82,12.8,Matches,2679
202,Devis Vásquez,co COL,GK,Empoli,it Serie A,26,1998,32.0,45,1,0,4,0,40.2,0.31,-4.8,-0.15,161,560,28.8,953,104,48.5,39.0,150,65.3,52.0,490,36,7.3,15,0.47,10.9,Matches,2680
203,Bart Verbruggen,nl NED,GK,Brighton,eng Premier League,21,2002,36.0,58,9,1,4,2,51.0,0.31,-5.0,-0.14,122,386,31.6,1226,122,26.9,29.7,83,67.5,48.5,414,27,6.5,47,1.31,13.9,Matches,2697
204,Guglielmo Vicario,it ITA,GK,Tottenham,eng Premier League,27,1996,24.0,37,1,0,6,2,37.4,0.36,+2.4,+0.10,28,95,29.5,809,120,10.5,22.8,65,15.4,22.8,312,30,9.6,31,1.29,13.3,Matches,2705
205,Fran Vieites,es ESP,GK,Betis,es La Liga,25,1999,4.0,5,0,0,0,0,4.7,0.42,-0.3,-0.09,12,54,22.2,90,16,40.0,38.0,29,62.1,46.4,65,6,9.2,4,1.00,12.8,Matches,2711
206,Iván Villar,es ESP,GK,Celta Vigo,es La Liga,27,1997,4.0,9,0,0,3,2,8.2,0.40,+1.2,+0.30,3,22,13.6,82,15,14.6,24.0,35,28.6,26.9,65,1,1.5,5,1.25,14.8,Matches,2715
207,Christian Walton,eng ENG,GK,Ipswich Town,eng Premier League,28,1995,7.0,19,2,0,0,0,17.1,0.40,-1.9,-0.28,42,116,36.2,204,35,42.6,34.3,51,56.9,44.5,111,12,10.8,2,0.29,8.2,Matches,2742
208,Danny Ward,wls WAL,GK,Leicester City,eng Premier League,31,1993,1.5,6,0,0,0,0,2.8,0.28,-3.2,-2.11,10,22,45.5,46,9,37.0,32.0,7,71.4,52.0,11,0,0.0,2,1.33,20.7,Matches,2747
209,Timon Weiner,de GER,GK,Holstein Kiel,de Bundesliga,25,1999,25.0,61,4,2,5,2,47.2,0.32,-11.8,-0.47,167,444,37.6,789,116,40.2,34.5,198,64.1,48.4,491,27,5.5,18,0.72,11.1,Matches,2756
210,Robin Zentner,de GER,GK,Mainz 05,de Bundesliga,29,1994,32.0,41,4,2,9,0,45.0,0.29,+4.0,+0.12,175,567,30.9,977,132,46.2,38.7,179,64.8,52.1,524,45,8.6,58,1.81,14.0,Matches,2830
211,Michael Zetterer,de GER,GK,Werder Bremen,de Bundesliga,29,1995,34.0,57,3,2,4,3,52.9,0.33,-1.1,-0.03,134,370,36.2,1204,188,27.7,31.9,107,33.6,36.8,464,35,7.5,34,1.00,13.5,Matches,2837
212,Melvin Zinga,fr FRA,GK,Angers,fr Ligue 1,22,2002,1.0,2,1,0,0,0,2.4,0.41,+0.4,+0.40,2,11,18.2,22,4,40.9,39.0,11,18.2,25.6,20,1,5.0,2,2.00,16.8,Matches,2842
